rank,Youtuber,subscribers,video views,category,Title,uploads,Country,Abbreviation,channel_type,video_views_rank,country_rank,channel_type_rank,video_views_for_the_last_30_days,lowest_monthly_earnings,highest_monthly_earnings,lowest_yearly_earnings,highest_yearly_earnings,subscribers_for_last_30_days,created_year,created_month,created_date,Gross tertiary education enrollment (%),Population,Unemployment rate
1,T-Series,245000000,2.28E+11,Music,T-Series,20082,India,IN,Music,1,1,1,2258000000,564600,9000000,6800000,108400000,2000000,2006,Mar,13,28,1366417754,5
3,MrBeast,166000000,28368841870,Entertainment,MrBeast,741,United States,US,Entertainment,48,1,1,1348000000,337000,5400000,4000000,64700000,8000000,2012,Feb,20,88,328239523,15
4,Cocomelon - Nursery Rhymes,162000000,1.64E+11,Education,Cocomelon - Nursery Rhymes,966,United States,US,Education,2,2,1,1975000000,493800,7900000,5900000,94800000,1000000,2006,Sep,1,88,328239523,15
5,SET India,159000000,1.48E+11,Shows,SET India,116536,India,IN,Entertainment,3,2,2,1824000000,455900,7300000,5500000,87500000,1000000,2006,Sep,20,28,1366417754,5
9,Like Nastya,106000000,90479060027,People & Blogs,Like Nastya Vlog,493,Russia,RU,People,630,5,25,48947000,12200,195800,146800,2300000,100000,2016,Jan,14,82,144373535,5
10,Vlad and Niki,98900000,77180169894,Entertainment,Vlad and Niki,574,United States,US,Entertainment,8,5,6,580574000,145100,2300000,1700000,27900000,600000,2018,Apr,23,88,328239523,15
11,Zee Music Company,96700000,57856289381,Music,Zee Music Company,8548,India,IN,Music,12,3,2,803613000,200900,3200000,2400000,38600000,1100000,2014,Mar,12,28,1366417754,5
12,WWE,96000000,77428473662,Sports,WWE,70127,United States,US,Sports,7,6,1,714614000,178700,2900000,2100000,34300000,600000,2007,May,11,88,328239523,15
14,BLACKPINK,89800000,32144597566,People & Blogs,BLACKPINK,543,South Korea,KR,Music,32,1,3,498930000,124700,2000000,1500000,23900000,700000,2016,Jun,29,94,51709098,4
16,Sony SAB,83000000,1.01E+11,Shows,Sony SAB,71270,India,IN,Entertainment,4,5,7,1657000000,414300,6600000,5000000,79600000,1100000,2007,Aug,4,28,1366417754,5
18,BANGTANTV,75600000,20826993957,Music,BANGTANTV,2281,South Korea,KR,Music,112,2,4,168290000,42100,673200,504900,8100000,400000,2012,Dec,17,94,51709098,4
20,Justin Bieber,71600000,30608119724,Music,Justin Bieber,249,Canada,CA,Music,38,1,6,176326000,44100,705300,529000,8500000,100000,2007,Jan,15,69,36991981,6
21,HYBE LABELS,71300000,28634566938,Music,HYBE LABELS,1337,South Korea,KR,Music,46,3,5,598173000,149500,2400000,1800000,28700000,900000,2008,Jun,4,94,51709098,4
22,Zee TV,70500000,73139054467,Entertainment,Zee TV,129204,India,IN,Entertainment,9,6,8,1707000000,426800,6800000,5100000,81900000,900000,2005,Dec,11,28,1366417754,5
23,Pinkfong Baby Shark - Kids' Songs & Stories,68200000,38843229963,Education,Pinkfong Baby Shark - Kids' Songs & Stories,2865,United States,US,Education,23,8,2,473387000,118300,1900000,1400000,22700000,600000,2011,Dec,14,88,328239523,15
25,ChuChu TV Nursery Rhymes & Kids Songs,65900000,45757850229,Education,ChuChu TV Nursery Rhymes & Kids Songs,633,India,IN,Education,18,7,3,420292000,105100,1700000,1300000,20200000,500000,2013,Feb,9,28,1366417754,5
26,Shemaroo Filmi Gaane,65600000,28648024439,Music,Shemaroo Filmi Gaane,8502,India,IN,Music,47,8,8,254961000,63700,1000000,764900,12200000,400000,2010,Jun,11,28,1366417754,5
27,Colors TV,64600000,61510906457,Shows,Colors TV,112915,India,IN,Entertainment,10,9,9,1188000000,296900,4800000,3600000,57000000,1100000,2008,Jun,13,28,1366417754,5
29,Dude Perfect,59500000,16241549158,Sports,Dude Perfect,389,United States,US,Sports,182,9,3,141200000,35300,564800,423600,6800000,100000,2009,Mar,17,88,328239523,15
30,Movieclips,59500000,59316472754,Film & Animation,Movieclips,39113,United States,US,Film,11,9,3,114668000,28700,458700,344000,5500000,100000,2006,Apr,28,88,328239523,15
31,Tips Official,59300000,33431802698,Music,Tips Official,4741,India,IN,Music,30,11,10,422634000,105700,1700000,1300000,20300000,600000,2007,May,22,28,1366417754,5
32,El Reino Infantil,58400000,57271630846,Music,El Reino Infantil,1510,Argentina,AR,Music,13,1,11,611828000,153000,2400000,1800000,29400000,600000,2011,Jun,2,90,44938712,10
33,Wave Music,58000000,40602020243,Music,Wave Music,19487,India,IN,Music,21,12,12,232025000,58000,928100,696100,11100000,500000,2014,Oct,29,28,1366417754,5
34,Aaj Tak,57600000,25307753534,News & Politics,Aaj Tak,283775,India,IN,News,71,13,1,461148000,115300,1800000,1400000,22100000,500000,2009,Aug,27,28,1366417754,5
35,Sony Music India,57200000,28837144516,Music,Sony Music India,3882,India,IN,Music,45,14,13,259310000,64800,1000000,777900,12400000,300000,2009,Sep,2,28,1366417754,5
36,EminemMusic,56900000,27073872856,Music,EminemMusic,156,United States,US,Music,59,10,14,260193000,65000,1000000,780600,12500000,300000,2007,Feb,9,88,328239523,15
37,Marshmello,56400000,14696003229,Entertainment,Marshmello,436,United States,US,Music,233,11,15,112100000,28000,448400,336300,5400000,100000,2015,Apr,6,88,328239523,15
38,YRF,54600000,35302243691,Film & Animation,YRF,3707,India,IN,Music,28,15,16,512093000,128000,2000000,1500000,24600000,500000,2006,Jun,7,28,1366417754,5
40,Ed Sheeran,53500000,30367676736,Music,Ed Sheeran,383,United Kingdom,GB,Music,39,1,18,202720000,50700,810900,608200,9700000,100000,2006,Aug,8,60,66834405,4
41,Infobells - Hindi,53300000,30516172739,Education,Infobells - Hindi,577,India,IN,Education,37,16,4,815949000,204000,3300000,2400000,39200000,1600000,2014,Jun,6,28,1366417754,5
42,Taylor Swift,52900000,29884657286,Music,Taylor Swift,216,United States,US,Music,40,13,19,528392000,132100,2100000,1600000,25400000,800000,2006,Sep,20,88,328239523,15
43,Ariana Grande,52700000,24004842608,Music,Ariana Grande,147,United States,US,Music,78,14,20,160216000,40100,640900,480600,7700000,100000,2007,Jan,22,88,328239523,15
44,BillionSurpriseToys  - Nursery Rhymes & Cartoons,52200000,9877365274,Education,BillionSurpriseToys  - Nursery Rhymes & Cartï¿½,847,United States,US,Education,450,15,5,266747000,66700,1100000,800200,12800000,600000,2013,Oct,25,88,328239523,15
45,JuegaGerman,48100000,14631710289,Gaming,JuegaGerman,2052,Chile,CL,Games,237,1,2,66388000,16600,265600,199200,3200000,200000,2013,May,19,89,18952038,7
46,Billie Eilish,47900000,13626331061,Music,Billie Eilish,65,United States,US,Music,263,16,21,146862000,36700,587400,440600,7000000,200000,2013,Feb,6,88,328239523,15
47,Get Movies,47500000,30788679536,Entertainment,Get Movies,3322,Russia,RU,Film,35,1,4,306540000,76600,1200000,919600,14700000,700000,2006,Dec,16,82,144373535,5
48,Shemaroo,47400000,22519705183,Entertainment,Shemaroo,11451,India,IN,Entertainment,97,17,10,232744000,58200,931000,698200,11200000,500000,2007,Sep,1,28,1366417754,5
50,SonyMusicIndiaVEVO,46600000,27286058807,Music,SonyMusicIndiaVEVO,3444,United States,US,Music,55,17,22,314505000,78600,1300000,943500,15100000,400000,2009,Sep,2,88,328239523,15
51,A4,46300000,22936630813,Gaming,aefour,1,Cuba,CU,People,4053056,99,5359,94,0.02,0.38,0.28,5,10,2006,Mar,11,41,11333483,2
53,Fernanfloo,46100000,10323391593,Gaming,Fernanfloo,543,El Salvador,SV,Games,419,1,3,33842000,8500,135400,101500,1600000,200000,2011,May,2,29,6453553,4
54,Voot Kids,45500000,21388725229,Entertainment,Voot Kids,4660,India,IN,Entertainment,105,18,13,233988000,58500,936000,702000,11200000,400000,2016,Nov,23,28,1366417754,5
55,Felipe Neto,45200000,16602198273,Entertainment,Felipe Neto,4331,Brazil,BR,Entertainment,174,2,14,130359000,32600,521400,391100,6300000,200000,2006,May,16,51,212559417,12
57,HAR PAL GEO,44600000,41139050371,Entertainment,HAR PAL GEO,100755,Pakistan,PK,Entertainment,20,1,15,1337000000,334300,5300000,4000000,64200000,1300000,2008,Jan,2,9,216565318,4
59,Katy Perry,44200000,25458952022,Music,Katy Perry,128,United States,US,Music,70,19,24,134242000,33600,537000,402700,6400000,100000,2008,Jun,1,88,328239523,15
61,ABS-CBN Entertainment,44200000,50292540392,People & Blogs,ABS-CBN Entertainment,193890,Philippines,PH,Entertainment,16,1,16,176629000,44200,706500,529900,8500000,300000,2008,Jul,16,36,108116615,2
64,Shakira,43500000,27568757295,People & Blogs,Shakira,326,Colombia,CO,Howto,52,1,3,353412000,88400,1400000,1100000,17000000,500000,2005,Oct,16,55,50339443,10
66,ARY Digital HD,43200000,37939780685,Entertainment,ARY Digital HD,109871,Pakistan,PK,Entertainment,24,2,18,1149000000,287300,4600000,3400000,55200000,900000,2016,Jul,11,9,216565318,4
67,Speed Records,42500000,26820902622,Music,Speed Records,10938,India,IN,Music,62,19,26,159757000,39900,639000,479300,7700000,100000,2012,Nov,22,28,1366417754,5
68,Masha and The Bear,42400000,24519022988,Shows,Masha and The Bear,1218,United States,US,Film,74,20,5,670459000,167600,2700000,2000000,32200000,1000000,2014,Sep,17,88,328239523,15
70,Rihanna,41900000,22477745835,Entertainment,Rihanna,84,Barbados,BB,Music,98,1,27,182926000,45700,731700,548800,8800000,100000,2005,Nov,6,65,287025,10
71,Ishtar Music,41400000,17608931161,Trailers,Ishtar Music,4510,India,IN,Music,155,20,28,180942000,45200,723800,542800,8700000,400000,2005,Sep,22,28,1366417754,5
72,Kimberly Loaiza,41300000,5603111948,People & Blogs,Kimberly Loaiza,291,Mexico,MX,People,1157,2,1,136745000,34200,547000,410200,6600000,400000,2016,Nov,16,40,126014024,3
73,Little Baby Bum - Nursery Rhymes & Kids Songs,40900000,39450824833,Education,Little Baby Bum - Nursery Rhymes & Kids Songs,2423,United States,US,Education,22,22,7,98775000,24700,395100,296300,4700000,100000,2011,Jun,22,88,328239523,15
79,CarryMinati,39200000,3294013141,Comedy,CarryMinati,186,India,IN,Comedy,2487,21,2,78688000,19700,314800,236100,3800000,700000,2014,Oct,30,28,1366417754,5
80,XXXTENTACION,39200000,10507474316,Music,XXXTENTACION,133,United States,US,Music,403,24,29,58362000,14600,233400,175100,2800000,100000,2015,Jun,23,88,328239523,15
81,Super Simple Songs - Kids Songs,39200000,44900897958,Education,Super Simple Songs - Kids Songs,744,Canada,CA,Education,19,2,8,560756000,140200,2200000,1700000,26900000,400000,2006,Sep,8,69,36991981,6
82,Mikecrack,39100000,16118181673,Gaming,Mikecrack,1876,Spain,ES,Games,188,1,4,264108000,66000,1100000,792300,12700000,800000,2015,Jul,13,89,47076781,14
83,WorkpointOfficial,39000000,36131228583,Entertainment,WorkpointOfficial,72580,Thailand,TH,Entertainment,27,1,24,130461000,32600,521800,391400,6300000,200000,2012,Nov,5,49,69625582,1
84,GR6 EXPLODE,38900000,25154232306,Music,GR6 EXPLODE,3043,Brazil,BR,Music,73,6,30,1635000000,408700,6500000,4900000,78500000,100000,2014,Aug,5,51,212559417,12
85,TEDx Talks,38600000,7339333120,Nonprofits & Activism,TEDx Talks,200933,United States,US,Nonprofit,768,25,1,45638000,11400,182600,136900,2200000,100000,2009,Jun,23,88,328239523,15
86,shfa,38400000,21528116909,People & Blogs,ýýýýýýýýýý ýýýýýý,982,Saudi Arabia,SA,Games,150882,774,1454,1589000,397,6400,4800,76300,2000,2018,May,24,68,34268528,6
87,Goldmines Gaane Sune Ansune,38300000,16718192386,Music,Goldmines Gaane Sune Ansune,3532,India,IN,Music,170,22,31,814756000,203700,3300000,2400000,39100000,400000,2015,Aug,24,28,1366417754,5
88,One Direction,38200000,13598903820,Music,21 Savage,11,United States,US,Music,539848,2904,2594,6348,2,25,19,305,100,2016,Jun,26,88,328239523,15
90,Sony PAL,38200000,28519339489,Shows,Sony PAL,24089,India,IN,Entertainment,49,23,25,415914000,104000,1700000,1200000,20000000,500000,2014,May,9,28,1366417754,5
91,Daddy Yankee,38000000,22731415608,Music,Daddy Yankee,505,United States,US,Music,92,27,33,205594000,51400,822400,616800,9900000,100000,2011,May,16,88,328239523,15
93,Like Nastya ESP,37600000,18208196857,Entertainment,Like Nastya ESP,743,United States,US,Entertainment,145,29,28,321026000,80300,1300000,963100,15400000,700000,2017,Apr,22,88,328239523,15
95,Jkk Entertainment,37200000,16402066717,Comedy,Jkk Entertainment,220,India,IN,Comedy,178,24,3,49861000,12500,199400,149600,2400000,100000,2017,Mar,20,28,1366417754,5
96,ABP NEWS,37000000,13102611515,People & Blogs,ABP NEWS,301308,India,IN,News,280,25,2,267060000,66800,1100000,801200,12800000,400000,2012,Jun,1,28,1366417754,5
97,Maria Clara & JP,37000000,24188861917,People & Blogs,Maria Clara & JP,744,Brazil,BR,Entertainment,75,7,30,251449000,62900,1000000,754300,12100000,300000,2015,Sep,6,51,212559417,12
98,Bruno Mars,36700000,19378155425,Music,Bruno Mars,99,United States,US,Music,134,30,34,175243000,43800,701000,525700,8400000,200000,2006,Sep,19,88,328239523,15
102,YouTube,36300000,3010784935,News & Politics,YouTube,744,United States,US,Entertainment,2860,32,5,21103000,5300,84400,63300,1000000,300000,1970,Jan,1,88,328239523,15
107,Saregama Music,35500000,15657673422,Entertainment,Saregama Music,7566,India,IN,Music,199,27,38,533793000,133400,2100000,1600000,25600000,900000,2013,Jan,4,28,1366417754,5
108,IndiaTV,35500000,16105023749,News & Politics,IndiaTV,273255,India,IN,News,185,27,3,290847000,72700,1200000,872500,14000000,600000,2006,Aug,26,28,1366417754,5
109,T-Series Bollywood Classics,35400000,22637783517,Music,T-Series Bollywood Classics,2010,India,IN,Music,94,28,39,331474000,82900,1300000,994400,15900000,500000,2012,Apr,2,28,1366417754,5
111,Markiplier,35200000,20297931219,Gaming,Markiplier,5490,United States,US,Games,119,34,8,127329000,31800,509300,382000,6100000,100000,2012,May,26,88,328239523,15
112,Ryan's World,35200000,55299840198,Entertainment,Ryan's World,2453,United States,US,Entertainment,15,35,32,238613000,59700,954500,715800,11500000,200000,2015,Mar,17,88,328239523,15
113,Genevieve's Playhouse - Learning Videos for Kids,34900000,25607397308,Education,Genevieve's Playhouse - Learning Videos for ï¿½,617,United States,US,Film,69,36,7,335307000,83800,1300000,1000000,16100000,300000,2016,Jan,6,88,328239523,15
116,Geet MP3,34300000,12746535822,Music,Geet MP3,679,India,IN,Music,299,31,41,101357000,25300,405400,304100,4900000,100000,2016,Oct,22,28,1366417754,5
117,J Balvin,34100000,23005313609,Music,J Balvin,141,Colombia,CO,Music,89,2,42,128696000,32200,514800,386100,6200000,100000,2011,Feb,18,55,50339443,10
118,Jess No Limit,34000000,3963007415,Entertainment,Jess No Limit,2284,Indonesia,ID,Entertainment,1882,1,33,547141000,136800,2200000,1600000,26300000,5500000,2017,Sep,7,36,270203917,5
119,Jingle Toons,34000000,11351015824,Film & Animation,Jingle Toons,240,India,IN,Film,360,32,8,179903000,45000,719600,539700,8600000,600000,2013,Jan,24,28,1366417754,5
121,Galinha Pintadinha,33800000,27274550757,Film & Animation,Galinha Pintadinha,66,Brazil,BR,Film,54,8,9,403508000,100900,1600000,1200000,19400000,200000,2006,Aug,30,51,212559417,12
122,SSSniperWolf,33700000,23492684419,Gaming,SSSniperWolf,3366,United States,US,Entertainment,83,37,35,210955000,52700,843800,632900,10100000,200000,2013,Jan,20,88,328239523,15
124,Selena Gomez,33600000,13013567335,Film & Animation,Selena Gomez,188,United States,US,Music,288,38,43,115792000,28900,463200,347400,5600000,200000,2008,Feb,8,88,328239523,15
125,Rajshri,33500000,14864294792,Music,Rajshri,3741,India,IN,Entertainment,222,34,36,272255000,68100,1100000,816800,13100000,500000,2006,Mar,24,28,1366417754,5
127,KHANDESHI MOVIES,33500000,11405809704,Comedy,KHANDESHI MOVIES,217,India,IN,Comedy,357,35,4,24736000,6200,98900,74200,1200000,100000,2013,Nov,11,28,1366417754,5
129,CVS 3D Rhymes & Kids Songs,33400000,20269857567,Education,CVS 3D Rhymes & Kids Songs,338,India,IN,Education,120,35,9,136084000,34000,544300,408300,6500000,200000,2008,Aug,26,28,1366417754,5
130,Ricis Official,33300000,5994136760,People & Blogs,Ricis Official,2736,Indonesia,ID,Entertainment,1043,2,34,157101000,39300,628400,471300,7500000,1900000,2016,Jan,15,36,270203917,5
131,BabyBus - Kids Songs and Cartoons,32800000,26355088167,Education,BabyBus - Kids Songs and Cartoons,2122,United States,US,Education,64,39,10,127498000,31900,510000,382500,6100000,200000,2016,Jul,15,88,328239523,15
132,Eros Now Music,32700000,17853798780,Entertainment,Mzaalo,1521,India,IN,Entertainment,8055,730,838,20263000,5100,81100,60800,972600,40000,2012,Mar,14,28,1366417754,5
134,DisneyMusicVEVO,32700000,28516250629,Music,DisneyMusicVEVO,2068,United States,US,Music,50,40,45,329861000,82500,1300000,989600,15800000,300000,2010,May,20,88,328239523,15
135,The Weeknd,32600000,23379969006,Music,The Weeknd,169,Canada,CA,Music,85,3,45,373828000,93500,1500000,1100000,17900000,200000,2011,Feb,25,69,36991981,6
137,KAROL G,32100000,18699145555,Music,KAROL G,134,Colombia,CO,Music,140,3,46,465647000,116400,1900000,1400000,22400000,300000,2013,Mar,14,55,50339443,10
138,Mr Bean,32100000,10602236110,Shows,Mr Bean,3091,United Kingdom,GB,Comedy,400,4,5,56534000,14100,226100,169600,2700000,100000,2006,Jan,4,60,66834405,4
140,StarPlus,32000000,26800674545,Entertainment,StarPlus,44892,India,IN,Entertainment,60,38,40,1667000000,416800,6700000,5000000,80000000,1200000,2006,May,19,28,1366417754,5
142,GMA  Network,31900000,19428308461,Entertainment,GMA  Network,93311,Philippines,PH,Entertainment,129,2,41,798510000,199600,3200000,2400000,38300000,500000,2006,Nov,20,36,108116615,2
144,MR. INDIAN HACKER,31700000,5711208484,Science & Technology,MR. INDIAN HACKER,929,India,IN,Tech,1132,40,1,109125000,27300,436500,327400,5200000,500000,2012,Jun,21,28,1366417754,5
145,Worldwide Records Bhojpuri,31700000,16476978876,Music,Worldwide Records Bhojpuri,6518,India,IN,Music,177,39,48,112648000,28200,450600,337900,5400000,200000,2012,Mar,15,28,1366417754,5
147,Dream,31700000,2930015381,Gaming,Dream,116,United States,US,Games,2986,41,12,27022000,6800,108100,81100,1300000,200000,2014,Feb,8,88,328239523,15
148,Lucas and Marcus,31600000,11615848291,Entertainment,Lucas and Marcus,1321,United States,US,Entertainment,339,42,43,312099000,78000,1200000,936300,15000000,400000,2011,Jan,19,88,328239523,15
151,Peppa Pig - Official Channel,31400000,22919271731,Film & Animation,Peppa Pig - Official Channel,3589,United Kingdom,GB,Education,91,5,11,244925000,61200,979700,734800,11800000,300000,2013,Oct,9,60,66834405,4
152,YOLO AVENTURAS,31200000,9673649438,People & Blogs,YOLO AVENTURAS,65,Venezuela,VE,Comedy,3361188,522,2270,3589,0.9,14,11,172,100,2018,Dec,16,79,28515829,9
154,TheDonato,31200000,6187804950,Entertainment,TheDonato,3027,Argentina,AR,Games,997,3,12,190679000,47700,762700,572000,9200000,1900000,2015,Feb,17,90,44938712,10
155,ImagineDragons,30700000,16793072362,Music,ImagineDragons,92,United States,US,Music,169,45,50,188837000,47200,755300,566500,9100000,100000,2009,Aug,3,88,328239523,15
156,Diana and Roma ESP,30700000,12355992466,nan,Diana and Roma ESP,578,United States,US,Entertainment,313,45,45,102998000,25700,412000,309000,4900000,200000,2016,Nov,27,88,328239523,15
157,Round2hell,30700000,3145161634,Comedy,Round2hell,67,India,IN,Entertainment,2687,41,45,31822000,8000,127300,95500,1500000,300000,2016,Oct,20,28,1366417754,5
158,Zee News,30500000,16709857823,News & Politics,Zee News,180092,India,IN,News,168,41,4,461472000,115400,1800000,1400000,22200000,600000,2007,Jun,19,28,1366417754,5
159,AboFlah,30500000,4521573939,Gaming,AboFlah,641,Kuwait,KW,Entertainment,1573,1,7,157908000,39500,631600,473700,7600000,1300000,2016,Jul,28,54,4207083,2
164,Adele,30200000,14199108016,Music,Adele,15,United Kingdom,GB,Music,248,6,53,137099000,34300,548400,411300,6600000,100000,2008,Apr,4,60,66834405,4
168,Spinnin' Records,30100000,19607009165,Music,Spinnin' Records,11501,Netherlands,NL,Music,127,1,54,100040000,25000,400200,300100,4800000,100000,2007,Jul,12,85,17332850,3
172,ashish chanchlani vines,29800000,4457913639,Comedy,ashish chanchlani vines,151,India,IN,Comedy,1622,42,8,26171000,6500,104700,78500,1300000,100000,2009,Jul,6,28,1366417754,5
177,Enaldinho,29200000,11627437847,Comedy,Enaldinho,3654,Brazil,BR,Games,338,10,15,303100000,75800,1200000,909300,14500000,1000000,2012,Nov,7,51,212559417,12
180,infobells - Tamil,28900000,17930570614,Education,infobells - Tamil,555,India,IN,Education,149,44,13,109828000,27500,439300,329500,5300000,200000,2014,Mar,13,28,1366417754,5
183,Aditya Movies,28400000,10062770060,Movies,Aditya Movies,5436,India,IN,Film,432,45,11,227355000,56800,909400,682100,10900000,500000,2012,Feb,23,28,1366417754,5
185,infobells - Telugu,28300000,14814192034,Education,infobells - Telugu,505,India,IN,Education,223,45,14,288110000,72000,1200000,864300,13800000,800000,2014,Mar,13,28,1366417754,5
186,HUM TV,28300000,23844936965,Entertainment,HUM TV,106983,Pakistan,PK,Entertainment,80,3,49,684860000,171200,2700000,2100000,32900000,700000,2011,May,25,9,216565318,4
187,Shemaroo Movies,28200000,7600740993,Entertainment,Shemaroo Movies,3009,India,IN,Film,721,46,13,184966000,46200,739900,554900,8900000,500000,2011,Mar,1,28,1366417754,5
188,Michael Jackson,28200000,14412474625,Music,Michael Jackson,15,United States,US,Music,242,54,59,158591000,39600,634400,475800,7600000,200000,2005,Jun,22,88,328239523,15
193,toycantando,27700000,15777682516,Music,toycantando,619,Colombia,CO,Music,197,4,62,173836000,43500,695300,521500,8300000,200000,2009,Jul,7,55,50339443,10
195,Wiz Khalifa,27500000,13379395501,Music,Wiz Khalifa,682,United States,US,Music,275,57,63,90450000,22600,361800,271300,4300000,100000,2008,May,9,88,328239523,15
196,JYP Entertainment,27400000,19883150017,Music,JYP Entertainment,1753,South Korea,KR,Music,124,4,64,307631000,76900,1200000,922900,14800000,200000,2008,Jan,25,94,51709098,4
198,DanTDM,27400000,19417887510,Gaming,DanTDM,3664,United Kingdom,GB,Games,132,7,16,78668000,19700,314700,236000,3800000,500000,2012,Jul,14,60,66834405,4
199,Nick Jr.,27300000,22440611155,Film & Animation,Nick Jr.,5438,United States,US,Entertainment,100,59,51,42546000,10600,170200,127600,2000000,200000,2012,Sep,27,88,328239523,15
200,Crazy XYZ,27300000,7705492350,Entertainment,Crazy XYZ,1259,India,IN,Tech,707,48,2,102235000,25600,408900,306700,4900000,100000,2017,Sep,10,28,1366417754,5
202,Dushyant kukreja,27100000,17318452893,Entertainment,Dushyant kukreja,889,India,IN,Entertainment,159,49,52,429692000,107400,1700000,1300000,20600000,700000,2015,Sep,26,28,1366417754,5
204,Brent Rivera,27000000,6570935979,Comedy,Brent Rivera,554,United States,US,Entertainment,909,60,53,144453000,36100,577800,433400,6900000,300000,2009,Aug,1,88,328239523,15
205,Renato Garcia YT,26900000,7938616641,Entertainment,Renato Garcia YT,3956,Brazil,BR,Entertainment,664,11,54,82912000,20700,331600,248700,4000000,200000,2011,Sep,29,51,212559417,12
206,Beast Reacts,26700000,4388047013,People & Blogs,Beast Reacts,241,United States,US,Entertainment,1632,61,54,276187000,69000,1100000,828600,13300000,1200000,2016,Apr,24,88,328239523,15
208,Netflix,26700000,7173668905,Entertainment,Netflix,6471,United States,US,Entertainment,797,62,55,118226000,29600,472900,354700,5700000,200000,2012,Jul,17,88,328239523,15
209,Raffy Tulfo in Action,26500000,15065753455,News & Politics,Raffy Tulfo in Action,10022,Philippines,PH,News,219,3,5,163130000,40800,652500,489400,7800000,300000,2016,Apr,20,36,108116615,2
211,Goldmines Bollywood,26400000,8595760553,Film & Animation,Goldmines Bollywood,3622,India,IN,Film,588,50,15,99677000,24900,398700,299000,4800000,400000,2015,Jul,22,28,1366417754,5
212,Alan Chikin Chow,26400000,27006526665,Comedy,Alan Chikin Chow,865,United States,US,Comedy,61,63,12,1046000000,261500,4200000,3100000,50200000,1300000,2020,Feb,3,88,328239523,15
213,PANDA BOI,26400000,17211600007,Entertainment,PANDA BOI,967,Italy,IT,Entertainment,158,1,55,1225000000,306400,4900000,3700000,58800000,2000000,2020,Dec,5,62,60297396,10
215,D Billions,26200000,31977463002,nan,D Billions,775,United States,US,Entertainment,33,64,58,487076000,121800,1900000,1500000,23400000,200000,2019,Jul,27,88,328239523,15
217,Smosh,26100000,10435474336,Comedy,Smosh,1619,United States,US,Comedy,410,65,13,68156000,17000,272600,204500,3300000,400000,2005,Nov,19,88,328239523,15
222,Indosiar,25900000,11372071889,Music,Indosiar,65286,Indonesia,ID,Entertainment,358,5,60,230183000,57500,920700,690500,11000000,600000,2013,Sep,23,36,270203917,5
224,David Guetta,25700000,17793809548,Music,David Guetta,749,United States,US,Music,153,67,67,164215000,41100,656900,492600,7900000,100000,2009,Dec,11,88,328239523,15
226,Nicki Minaj,25700000,10242981063,Music,Nicki Minaj,42,United States,US,Music,425,67,67,103631000,25900,414500,310900,5000000,100000,2013,Aug,28,88,328239523,15
228,TaylorSwiftVEVO,25600000,25592378292,Music,TaylorSwiftVEVO,287,United States,US,Music,67,68,68,318593000,79600,1300000,955800,15300000,100000,2009,May,12,88,328239523,15
230,Post Malone,25500000,14401218086,Music,Post Malone,78,United States,US,Music,243,69,69,195499000,48900,782000,586500,9400000,100000,2011,Dec,15,88,328239523,15
231,Rans Entertainment,25400000,6430853035,People & Blogs,Rans Entertainment,3716,Indonesia,ID,Entertainment,942,6,62,58487000,14600,233900,175500,2800000,100000,2015,Dec,27,36,270203917,5
232,LankyBox,25400000,34300482066,Comedy,LankyBox,8775,United States,US,Games,29,69,18,815341000,203800,3300000,2400000,39100000,600000,2016,Jul,30,88,328239523,15
233,Coldplay,25300000,17331663193,Music,Coldplay,398,United Kingdom,GB,Music,160,8,70,198875000,49700,795500,596600,9500000,100000,2010,Jan,3,60,66834405,4
235,WB Kids,25200000,11081602368,People & Blogs,WB Kids,2025,United States,US,Film,375,70,16,140319000,35100,561300,421000,6700000,300000,2015,Mar,31,88,328239523,15
238,The Lallantop,25200000,10409352249,News & Politics,The Lallantop,51129,India,IN,News,408,52,6,273920000,68500,1100000,821800,13100000,300000,2015,Mar,23,28,1366417754,5
241,TRANS7 OFFICIAL,25000000,14169516119,Entertainment,TRANS7 OFFICIAL,89179,Indonesia,ID,Entertainment,251,7,64,123189000,30800,492800,369600,5900000,100000,2014,Sep,4,36,270203917,5
242,Anuel AA,25000000,14827085149,Music,Anuel AA,147,Colombia,CO,Music,225,6,73,284144000,71000,1100000,852400,13600000,300000,2016,Sep,8,55,50339443,10
243,Dan Rhodes,24800000,17387583720,Entertainment,Dan Rhodes,1644,United Kingdom,GB,Entertainment,157,9,66,331889000,83000,1300000,995700,15900000,500000,2015,Oct,30,60,66834405,4
245,America's Got Talent,24800000,3699352704,Entertainment,America's Got Talent,1894,United States,US,Entertainment,2122,72,65,134412000,33600,537600,403200,6500000,400000,2006,Jun,29,88,328239523,15
247,EminemVEVO,24700000,20531704527,Music,EminemVEVO,104,United States,US,Music,115,73,74,139443000,34900,557800,418300,6700000,100000,2009,May,12,88,328239523,15
249,KatyPerryVEVO,24600000,23755792542,Music,KatyPerryVEVO,175,United States,US,Music,82,74,75,88940000,22200,355800,266800,4300000,100000,2009,Dec,13,88,328239523,15
250,Mark Rober,24600000,3647987299,Science & Technology,Mark Rober,120,United States,US,Tech,2178,74,3,88625000,22200,354500,265900,4300000,200000,2011,Oct,20,88,328239523,15
252,Like Nastya AE,24400000,12385924995,Entertainment,Like Nastya AE,658,United States,US,Entertainment,312,75,68,169865000,42500,679500,509600,8200000,400000,2018,Dec,19,88,328239523,15
254,Pen Movies,24300000,6608773195,Film & Animation,Pen Movies,1667,India,IN,Film,903,53,17,94853000,23700,379400,284600,4600000,300000,2014,Mar,25,28,1366417754,5
256,shfa show India,24200000,15724160183,nan,shfa show India,469,United Arab Emirates,AE,People,203,3,9,151208000,37800,604800,453600,7300000,200000,2019,Apr,1,37,9770529,2
257,Super JoJo - Nursery Rhymes & Kids Songs,24100000,329774870,nan,Super JoJo - Nursery Rhymes & Kids Songs,36,United States,US,Education,40117,77,15,328503000,82100,1300000,985500,15800000,100000,2019,May,31,88,328239523,15
258,Alejo Igoa,24100000,10999000479,Comedy,Alejo Igoa,802,Argentina,AR,Entertainment,376,4,71,401512000,100400,1600000,1200000,19300000,600000,2014,Jan,17,90,44938712,10
262,Diana and Roma ARA,24100000,11041261296,nan,Diana and Roma ARA,590,United States,US,Entertainment,379,76,70,66884000,16700,267500,200700,3200000,200000,2019,Feb,1,88,328239523,15
264,Spider Slack,24000000,13943030228,Comedy,Spider Slack,901,Brazil,BR,Comedy,252,13,14,761451000,190400,3000000,2300000,36500000,1100000,2020,May,18,51,212559417,12
266,Preston,24000000,8279004442,Gaming,Preston,4009,United States,US,Entertainment,621,78,72,151697000,37900,606800,455100,7300000,200000,2012,Jul,4,88,328239523,15
267,James Charles,23900000,4067878931,Entertainment,James Charles,505,United States,US,Entertainment,1860,79,73,58126000,14500,232500,174400,2800000,100000,2015,Dec,1,88,328239523,15
269,Diana and Roma EN,23900000,7213499085,People & Blogs,Diana and Roma EN,511,United States,US,Entertainment,787,79,73,177769000,44400,711100,533300,8500000,300000,2011,Dec,22,88,328239523,15
271,Troom Troom,23800000,10414479943,Howto & Style,Troom Troom,2425,United States,US,Howto,412,80,8,98052000,24500,392200,294200,4700000,100000,2015,Sep,12,88,328239523,15
272,Enrique Iglesias,23800000,17688774915,Music,Enrique Iglesias,443,United States,US,Music,154,80,77,122914000,30700,491700,368700,5900000,100000,2007,Apr,12,88,328239523,15
276,That Little Puff,23700000,20289689389,Pets & Animals,That Little Puff,769,United States,US,Animals,118,81,1,755054000,188800,3000000,2300000,36200000,1100000,2020,Aug,29,88,328239523,15
278,Juan De Dios Pantoja,23600000,2135644776,Entertainment,Juan De Dios Pantoja,226,Mexico,MX,People,4529,11,10,46862000,11700,187400,140600,2200000,200000,2014,Jun,9,40,126014024,3
280,Maya and Mary,23600000,6766461070,Entertainment,Maya and Mary,552,United States,US,Entertainment,883,82,75,44542000,11100,178200,133600,2100000,400000,2013,Aug,30,88,328239523,15
284,Tilak,23400000,9465863821,Film & Animation,Tilak,6672,India,IN,Film,493,56,20,367347000,91800,1500000,1100000,17600000,900000,2020,Oct,10,28,1366417754,5
286,Sesame Street,23300000,22471357411,Entertainment,Sesame Street,3657,United States,US,Entertainment,99,83,78,124187000,31000,496700,372600,6000000,100000,2006,Jan,16,88,328239523,15
288,Lady Gaga,23200000,15751661213,People & Blogs,Lady Gaga,172,United States,US,Music,198,83,79,143169000,35800,572700,429500,6900000,100000,2008,May,15,88,328239523,15
290,Wave Music Bhojpuri,23100000,12889240875,Music,Wave Music Bhojpuri,22578,India,IN,Music,293,59,81,52678000,13200,210700,158000,2500000,100000,2014,Aug,10,28,1366417754,5
292,TED,23100000,2551113422,People & Blogs,TED,4445,United States,US,Tech,3568,85,4,13246000,3300,53000,39700,635800,100000,2006,Dec,6,88,328239523,15
293,unknown boy varun,23100000,9299371231,Music,unknown boy varun,456,India,IN,Music,506,58,80,304021000,76000,1200000,912100,14600000,700000,2016,Sep,27,28,1366417754,5
294,Kids TV - Nursery Rhymes And Baby Songs,23100000,13151870846,Shows,Kids TV - Nursery Rhymes And Baby Songs,3781,United States,US,Music,282,85,81,128448000,32100,513800,385300,6200000,700000,2013,Aug,30,88,328239523,15
295,Tsuriki Show,23000000,31494513067,Entertainment,Tsuriki Show,2905,Germany,DE,Comedy,34,1,15,756717000,189200,3000000,2300000,36300000,800000,2019,Jul,10,70,83132799,3
297,DrossRotzank,23000000,6041264489,Entertainment,DrossRotzank,1598,Argentina,AR,Entertainment,1040,5,80,35539000,8900,142200,106600,1700000,100000,2006,Mar,9,90,44938712,10
298,White Hill Music,23000000,10939966484,Entertainment,White Hill Music,5718,India,IN,Music,382,60,82,93183000,23300,372700,279500,4500000,100000,2014,Mar,23,28,1366417754,5
301,toyorbabytv,22900000,16298342829,Music,toyorbabytv,1159,Jordan,JO,Music,181,2,83,169056000,42300,676200,507200,8100000,300000,2012,Nov,1,34,10101694,15
302,BabyBus - Canciones Infantiles & Videos para Niï¿½ï,22900000,13206471140,Education,BabyBus - Canciones Infantiles & Videos paraï¿½,1251,Mexico,MX,Education,278,12,17,136821000,34200,547300,410500,6600000,200000,2018,Mar,19,40,126014024,3
304,Vania Mania Kids,22700000,10115316784,People & Blogs,Vania Mania Kids,985,United States,US,Education,438,87,18,155215000,38800,620900,465600,7500000,300000,2015,Sep,9,88,328239523,15
306,Sun TV,22600000,20847038152,People & Blogs,Sun TV,60964,India,IN,Entertainment,109,63,82,982238000,245600,3900000,2900000,47100000,600000,2016,Feb,26,28,1366417754,5
307,Heroindori,22600000,9223534599,Comedy,Heroindori,495,India,IN,Entertainment,508,62,81,399152000,99800,1600000,1200000,19200000,1400000,2020,Jun,29,28,1366417754,5
308,The Chainsmokers,22600000,14231943358,Music,The Chainsmokers,180,United States,US,Music,246,88,84,81660000,20400,326600,245000,3900000,100000,2012,Sep,22,88,328239523,15
309,mmoshaya,22600000,17507060680,People & Blogs,mmoshaya,1189,Saudi Arabia,SA,Entertainment,156,1,83,73829000,18500,295300,221500,3500000,100000,2010,Dec,11,68,34268528,6
311,LeoNata Family,22600000,27084848152,People & Blogs,LeoNata Family,2321,United States,US,People,57,87,11,1174000000,293500,4700000,3500000,56300000,1300000,2021,Sep,28,88,328239523,15
312,Goldmines Cineplex,22500000,2431154438,Film & Animation,Goldmines Cineplex,3377,India,IN,Film,3793,64,23,48740000,12200,195000,146200,2300000,200000,2015,Sep,12,28,1366417754,5
313,Vlad and Niki Arabic,22500000,10613701948,nan,Vlad and Niki Arabic,526,United States,US,Entertainment,399,89,84,65066000,16300,260300,195200,3100000,100000,2018,Nov,9,88,328239523,15
314,SSundee,22500000,13835173331,Gaming,SSundee,3315,United States,US,Games,261,90,21,175094000,43800,700400,525300,8400000,200000,2009,Nov,28,88,328239523,15
316,Smile Family,22300000,8663830163,People & Blogs,SMILE Family,34,France,FR,Music,3805801,3046,4509,735,0.18,3,2,35,10,2019,Nov,3,66,67059887,8
317,FGTeeV,22300000,24059336857,Gaming,FGTeeV,1724,United States,US,Games,77,91,22,132110000,33000,528400,396300,6300000,100000,2013,May,24,88,328239523,15
318,Kinder Spielzeug Kanal (Kidibli),22200000,11136266461,Entertainment,Kinder Spielzeug Kanal (Kidibli),999,United States,US,Entertainment,370,92,86,139333000,34800,557300,418000,6700000,200000,2015,Sep,25,88,328239523,15
319,Charlie Puth,22000000,9924807127,Music,Charlie Puth,157,United States,US,Music,449,94,86,111500000,27900,446000,334500,5400000,100000,2009,Sep,9,88,328239523,15
320,Vlad and Niki ESP,22000000,8594440895,nan,Vlad and Niki ESP,515,United States,US,Entertainment,591,93,87,183871000,46000,735500,551600,8800000,200000,2018,Oct,11,88,328239523,15
322,Ben Azelart,21900000,4454917643,Film & Animation,Ben Azelart,301,United States,US,Entertainment,1620,94,88,184946000,46200,739800,554800,8900000,500000,2014,Jun,5,88,328239523,15
323,Zach Choi ASMR,21900000,5918314128,People & Blogs,Zach Choi ASMR,946,United States,US,People,1069,94,12,234222000,58600,936900,702700,11200000,400000,2014,Jul,5,88,328239523,15
324,Topper Guild,21900000,15552070846,Comedy,Topper Guild,816,United States,US,Comedy,204,91,16,687028000,171800,2700000,2100000,33000000,1900000,2014,Jul,9,88,328239523,15
326,Stokes Twins,21800000,4469711607,People & Blogs,Stokes Twins,257,United States,US,People,1610,95,13,197953000,49500,791800,593900,9500000,600000,2008,Apr,11,88,328239523,15
327,National Geographic,21800000,5614621131,Science & Technology,National Geographic,10162,United States,US,Entertainment,1158,95,89,45812000,11500,183200,137400,2200000,100000,2006,May,7,88,328239523,15
328,Dua Lipa,21800000,11288359365,Music,Dua Lipa,164,United Kingdom,GB,Music,368,14,87,128047000,32000,512200,384100,6100000,100000,2011,Feb,5,60,66834405,4
333,ZAMZAM ELECTRONICS TRADING,21700000,8507818877,nan,ZAMZAM ELECTRONICS TRADING,15126,United Arab Emirates,AE,People,608,4,14,1598000000,399600,6400000,4800000,76700000,3400000,2020,Dec,19,37,9770529,2
334,DUDU e CAROL,21600000,9597894786,Autos & Vehicles,DUDU e CAROL,2942,Brazil,BR,Entertainment,481,15,90,193174000,48300,772700,579500,9300000,300000,2013,Mar,2,51,212559417,12
335,Village Cooking Channel,21600000,5863377051,Howto & Style,Village Cooking Channel,219,India,IN,Howto,1082,66,9,194604000,48700,778400,583800,9300000,400000,2018,Apr,25,28,1366417754,5
337,Tekashi 6ix9ine,21500000,5890180734,People & Blogs,Tekashi 6ix9ine,51,United States,US,Music,1081,96,88,113542000,28400,454200,340600,5400000,200000,2018,Apr,6,88,328239523,15
340,invictor,21500000,8409641722,Gaming,INVICTOR,17,Chile,CL,People,4038708,2889,7518,49,0.01,0.2,0.15,2,4,2016,Jul,26,89,18952038,7
342,Sidhu Moose Wala,21400000,6264261757,Music,Sidhu Moose Wala,114,India,IN,Music,987,67,89,160690000,40200,642800,482100,7700000,500000,2017,Oct,30,28,1366417754,5
343,The Royalty Family,21300000,6269945014,People & Blogs,The Royalty Family,733,United States,US,People,982,98,15,160227000,40100,640900,480700,7700000,200000,2017,Apr,13,88,328239523,15
344,Becky G,21300000,10644857969,Music,Becky G,78,United States,US,Music,396,98,90,103171000,25800,412700,309500,5000000,100000,2011,Sep,6,88,328239523,15
345,Ishaan Ali 11,21300000,12761253839,People & Blogs,Ishaan Ali 11,951,India,IN,People,301,68,16,729409000,182400,2900000,2200000,35000000,1600000,2016,Jul,27,28,1366417754,5
346,Infinite,21300000,5141834668,Entertainment,Infinite,1608,United States,US,Entertainment,1296,98,93,68350000,17100,273400,205100,3300000,200000,2014,Aug,21,88,328239523,15
347,Azhan5star,21300000,10047736580,Entertainment,Azhan5star,669,India,IN,Entertainment,436,67,92,236293000,59100,945200,708900,11300000,600000,2021,Feb,2,28,1366417754,5
348,Dangal TV Channel,21300000,12895427184,Entertainment,Dangal TV Channel,20225,India,IN,Entertainment,291,67,92,561020000,140300,2200000,1700000,26900000,700000,2017,Aug,2,28,1366417754,5
350,GMA Public  Affairs,21200000,11364908616,Entertainment,GMA Public  Affairs,31989,Philippines,PH,News,359,4,7,142317000,35600,569300,427000,6800000,200000,2009,Aug,8,36,108116615,2
352,Baim Paula,21100000,4526271677,People & Blogs,Baim Paula,2325,Indonesia,ID,Entertainment,1583,8,94,26974000,6700,107900,80900,1300000,100000,2016,Jun,4,36,270203917,5
354,Rafa & Luiz,21000000,7762905663,Entertainment,Rafa & Luiz,2883,Brazil,BR,Entertainment,695,16,94,118410000,29600,473600,355200,5700000,400000,2015,Aug,26,51,212559417,12
355,Lyrical Lemonade,21000000,10631638628,Entertainment,Lyrical Lemonade,420,United States,US,Entertainment,398,100,95,80062000,20000,320200,240200,3800000,100000,2013,Mar,25,88,328239523,15
356,Vlad and Niki IDN,21000000,9789121606,nan,Vlad and Niki IDN,498,United States,US,Entertainment,464,100,95,133362000,33300,533400,400100,6400000,300000,2018,Nov,9,88,328239523,15
357,Dr. Vivek Bindra: Motivational Speaker,20900000,1693149479,Education,Dr. Vivek Bindra: Motivational Speaker,896,India,IN,Education,6082,69,20,28588000,7100,114400,85800,1400000,100000,2013,Dec,6,28,1366417754,5
358,Fatos Desconhecidos,20900000,3828000587,Entertainment,Fatos Desconhecidos,6262,Brazil,BR,Entertainment,2033,17,96,52330000,13100,209300,157000,2500000,100000,2013,Sep,26,51,212559417,12
360,LIV Crime,20900000,11058049885,People & Blogs,LIV Crime,9850,United States,US,People,372,100,17,383700000,95900,1500000,1200000,18400000,600000,2020,Aug,18,88,328239523,15
365,Yoeslan,20700000,17963202261,Entertainment,Yoeslan,619,United States,US,Entertainment,146,101,96,874796000,218700,3500000,2600000,42000000,1000000,2020,Sep,26,88,328239523,15
368,tuzelity SHUFFLE,20700000,8658941531,People & Blogs,tuzelity SHUFFLE,889,Russia,RU,People,570,3,18,552266000,138100,2200000,1700000,26500000,1600000,2015,Oct,26,82,144373535,5
370,Deddy Corbuzier,20600000,4956090094,Entertainment,deddycorbuzier,15,Indonesia,ID,Entertainment,3539124,4044,6217,85,0.02,0.34,0.26,4,1,2007,Jul,23,36,270203917,5
371,Bizarrap,20600000,7657171980,Comedy,Bizarrap,83,Argentina,AR,Entertainment,711,8,98,193176000,48300,772700,579500,9300000,200000,2017,Jan,15,90,44938712,10
373,Mnet K-POP,20500000,15038593883,Entertainment,Mnet K-POP,33229,South Korea,KR,Entertainment,220,7,99,158540000,39600,634200,475600,7600000,100000,2006,Mar,9,94,51709098,4
375,Ninja Kidz TV,20500000,11009148579,Entertainment,Ninja Kidz TV,296,United States,US,Entertainment,377,104,99,195203000,48800,780800,585600,9400000,100000,2017,Feb,9,88,328239523,15
377,Jake Paul,20400000,7311322368,People & Blogs,Jake Paul,1006,United States,US,People,778,105,19,14646000,3700,58600,43900,703000,100000,2013,Sep,19,88,328239523,15
379,Vijay Television,20400000,29406206620,Entertainment,Vijay Television,51515,India,IN,Entertainment,43,70,100,907534000,226900,3600000,2700000,43600000,400000,2007,Feb,1,28,1366417754,5
381,Emiway Bantai,20400000,3579555124,Music,Emiway Bantai,239,India,IN,Music,2236,70,94,41289000,10300,165200,123900,2000000,100000,2013,May,3,28,1366417754,5
382,Got Talent Global,20300000,2441288701,Entertainment,Got Talent Global,1245,United Kingdom,GB,Entertainment,3750,15,101,86457000,21600,345800,259400,4100000,100000,2013,Jan,31,60,66834405,4
384,BabyBus - Cerita & Lagu Anak-anak,20300000,11819051552,Education,BabyBus - Cerita & Lagu Anak-anak,875,Indonesia,ID,Education,332,10,22,112768000,28200,451100,338300,5400000,100000,2019,Jan,14,36,270203917,5
385,Ami Rodriguez,20200000,2951914200,Entertainment,Ami Rodriguez,460,Colombia,CO,Entertainment,2959,7,103,263864000,66000,1100000,791600,12700000,1600000,2009,Jul,20,55,50339443,10
386,Noor Stars,20200000,2764127969,Comedy,Noor Stars,693,United Arab Emirates,AE,Entertainment,3238,5,102,15556000,3900,62200,46700,746700,100000,2014,Apr,24,37,9770529,2
388,Kiddiestv Hindi - Nursery Rhymes & Kids Songs,20200000,7274150246,Education,Kiddiestv Hindi - Nursery Rhymes & Kids Songs,226,India,IN,Education,780,71,23,113420000,28400,453700,340300,5400000,300000,2017,May,25,28,1366417754,5
389,dednahype,20200000,20919403720,Comedy,dednahype,1935,Latvia,LV,Comedy,108,1,19,1245000000,311200,5000000,3700000,59800000,1200000,2020,Mar,20,88,1912789,7
390,Marta and Rustam,20200000,19694265358,Comedy,Marta and Rustam,761,United States,US,Comedy,126,106,20,452250000,113100,1800000,1400000,21700000,600000,2021,Jun,21,88,328239523,15
391,MiawAug,20200000,6098644584,Gaming,MiawAug,3713,Indonesia,ID,Games,1023,11,27,64489000,16100,258000,193500,3100000,200000,2014,Mar,15,36,270203917,5
392,CookieSwirlC,20100000,23353115850,Entertainment,CookieSwirlC,3774,United States,US,Games,86,108,28,221702000,55400,886800,665100,10600000,200000,2013,Nov,3,88,328239523,15
396,Pencilmation,20100000,11317309935,Film & Animation,Pencilmation,1481,United States,US,Entertainment,366,109,104,14862000,3700,59400,44600,713400,100000,2007,Feb,1,88,328239523,15
397,7clouds,20100000,14816075927,Music,7clouds,2384,United States,US,Music,227,108,95,276751000,69200,1100000,830300,13300000,300000,2013,May,25,88,328239523,15
398,5-Minute Crafts PLAY,20100000,6119294270,Howto & Style,5-Minute Crafts PLAY,5491,United States,US,Howto,1014,108,12,105784000,26400,423100,317400,5100000,100000,2017,Oct,30,88,328239523,15
399,Marvel Entertainment,20100000,5634695322,Entertainment,MarvelEntertainment,1,United States,US,Film,4054962,6143,4024,63,0.02,0.25,0.19,3,30,2011,May,10,88,328239523,15
403,Gordon Ramsay,20000000,3875172235,Entertainment,Gordon Ramsay,1527,United Kingdom,GB,Entertainment,2001,16,104,39228000,9800,156900,117700,1900000,200000,2006,Apr,29,60,66834405,4
406,Gusttavo Lima Oficial,19900000,13917423958,Music,Gusttavo Lima Oficial,416,Brazil,BR,Music,258,21,97,214803000,53700,859200,644400,10300000,100000,2010,Nov,9,51,212559417,12
408,Crafty Panda,19800000,5759442450,People & Blogs,Crafty Panda,760,United States,US,Entertainment,1120,111,105,6137000,1500,24500,18400,294600,100000,2017,Dec,3,88,328239523,15
413,Britain's Got Talent,19700000,11323617496,Entertainment,Britain's Got Talent,4225,United Kingdom,GB,Entertainment,364,17,106,54192000,13500,216800,162600,2600000,100000,2008,Apr,12,60,66834405,4
416,Sony AATH,19600000,13930021471,Shows,Sony AATH,18661,United States,US,Entertainment,257,112,106,274212000,68600,1100000,822600,13200000,300000,2013,Nov,13,88,328239523,15
417,tabii Urdu,19600000,8779729549,Entertainment,tabii Urdu,1306,Turkey,TR,Entertainment,562,3,107,110806000,27700,443200,332400,5300000,100000,2020,Apr,17,24,83429615,13
418,DaFuq!?Boom!,19600000,7906181776,Film & Animation,DaFuq!?Boom!,214,United States,US,Entertainment,656,112,106,2304000000,576000,9200000,6900000,110600000,6700000,2016,Jun,6,88,328239523,15
421,DLS News,19400000,2255542592,News & Politics,DLS News,4750,India,IN,News,4178,74,8,32111000,8000,128400,96300,1500000,100000,2017,Jul,5,28,1366417754,5
422,JukiLop,19400000,1577859332,People & Blogs,JukiLop,85,Mexico,MX,People,6674,14,22,2382000,595,9500,7100,114300,100000,2017,Sep,15,40,126014024,3
423,etvteluguindia,19400000,23038014291,Entertainment,etvteluguindia,125974,India,IN,Entertainment,88,75,109,272917000,68200,1100000,818800,13100000,200000,2010,Mar,15,28,1366417754,5
424,FIFA,19400000,5529131886,Sports,FIFA,10728,Switzerland,CH,Sports,1186,1,5,58863000,14700,235500,176600,2800000,100000,2006,Sep,6,60,8574832,5
425,Manoj  parihar,19300000,264228052,nan,Manoj  parihar,335,India,IN,Howto,48846,75,14,37167000,9300,148700,111500,1800000,300000,2021,Mar,2,28,1366417754,5
429,Sonotek,19200000,7590582024,Entertainment,Sonotek,8285,India,IN,Music,724,77,98,28678000,7200,114700,86000,1400000,100000,2011,Jan,11,28,1366417754,5
435,SUPER SLICK SLIME SAM,19000000,7229175322,Howto & Style,SUPER SLICK SLIME SAM,903,Mexico,MX,Howto,786,15,111,123338000,30800,493400,370000,5900000,200000,2018,Jan,23,40,126014024,3
436,Wow Kidz Action,19000000,8281724393,Film & Animation,Wow Kidz Action,1525,India,IN,Entertainment,618,78,111,105706000,26400,422800,317100,5100000,200000,2017,Nov,8,28,1366417754,5
438,Calvin Harris,19000000,16014044618,Music,Calvin Harris,79,United Kingdom,GB,Music,191,18,99,102410000,25600,409600,307200,4900000,100000,2007,Feb,11,60,66834405,4
443,TED-Ed,18800000,3654621568,Education,TED-Ed,2072,United States,US,Education,2163,117,25,29874000,7500,119500,89600,1400000,100000,2011,Mar,1,88,328239523,15
444,Sidemen,18800000,5257834105,Entertainment,Sidemen,312,United Kingdom,GB,Entertainment,1263,19,113,78158000,19500,312600,234500,3800000,100000,2015,Jun,14,60,66834405,4
447,Farruko,18800000,9573641299,Music,Farruko,217,United States,US,Music,485,117,100,97758000,24400,391000,293300,4700000,100000,2009,Oct,30,88,328239523,15
449,Triggered Insaan,18800000,3276891538,Comedy,Triggered Insaan,304,India,IN,People,2508,79,24,109026000,27300,436100,327100,5200000,700000,2014,Jul,17,28,1366417754,5
450,CKN,18700000,12295637162,Entertainment,cKn,16,Spain,ES,Music,3188353,4093,5631,102,0.03,0.41,0.31,5,1,2005,Sep,26,89,47076781,14
452,Shemaroo Comedy,18600000,6047584292,Entertainment,Shemaroo Comedy,4487,India,IN,Comedy,1033,81,24,102431000,25600,409700,307300,4900000,200000,2007,Jan,31,28,1366417754,5
453,Smile Family Spanish,18600000,7008250496,nan,Smile Family Spanish,457,United States,US,Entertainment,830,118,115,43396000,10800,173600,130200,2100000,200000,2019,Jun,19,88,328239523,15
454,GRAMMY GOLD OFFICIAL,18600000,20196704276,Music,GRAMMY GOLD OFFICIAL,6287,Thailand,TH,Music,121,5,101,168597000,42100,674400,505800,8100000,100000,2014,Jan,15,49,69625582,1
457,Marmok,18500000,3457618361,Gaming,Marmok,374,Russia,RU,Games,2356,5,32,38282000,9600,153100,114800,1800000,100000,2008,Apr,27,82,144373535,5
459,Like Nastya Vlog,18500000,8147575884,People & Blogs,Like Nastya Vlog,493,Russia,RU,People,630,5,25,48947000,12200,195800,146800,2300000,100000,2016,Jan,14,82,144373535,5
460,Willie Salim,18500000,4051072188,People & Blogs,Willie Salim,679,Indonesia,ID,People,1868,13,25,197369000,49300,789500,592100,9500000,1600000,2014,Jan,6,36,270203917,5
467,Miley Cyrus,18300000,7760819588,Entertainment,Miley Cyrus,142,United States,US,Entertainment,696,121,117,127982000,32000,511900,383900,6100000,100000,2009,Sep,15,88,328239523,15
468,IShowSpeed,18300000,1556003039,Gaming,IShowSpeed,1324,United States,US,Games,6734,120,33,140261000,35100,561000,420800,6700000,800000,2016,Mar,21,88,328239523,15
472,Jake Fellman,18100000,13378360425,Entertainment,Jake Fellman,420,United States,US,Entertainment,274,122,118,497044000,124300,2000000,1500000,23900000,700000,2012,Oct,13,88,328239523,15
474,SQUEEZIE,18100000,9983065083,Gaming,SQUEEZIE,1521,France,FR,Entertainment,443,1,119,48099000,12000,192400,144300,2300000,100000,2011,Jan,9,66,67059887,8
475,Blippi - Educational Videos for Kids,18100000,14857290259,Education,Blippi - Educational Videos for Kids,707,United States,US,Education,224,123,26,180412000,45100,721600,541200,8700000,300000,2014,Jan,27,88,328239523,15
478,Manual do Mundo,18000000,3980991248,Howto & Style,Manual do Mundo,2470,Brazil,BR,Tech,1922,26,8,54766000,13700,219100,164300,2600000,100000,2006,Jul,24,51,212559417,12
479,How Ridiculous,18000000,9601137077,Sports,How Ridiculous,650,Australia,AU,Sports,478,5,6,391298000,97800,1600000,1200000,18800000,600000,2009,Sep,9,113,25766605,5
482,SonyMusicSouthVEVO,18000000,17921124985,Music,SonyMusicSouthVEVO,5692,United States,US,Music,148,123,104,257597000,64400,1000000,772800,12400000,100000,2014,Jul,14,88,328239523,15
485,David Dobrik,17900000,7176572299,People & Blogs,David Dobrik,536,United States,US,People,801,125,28,8650000,2200,34600,26000,415200,100000,2014,Dec,19,88,328239523,15
486,KatieAngel,17900000,3841205465,People & Blogs,KatieAngel,982,United States,US,Music,2014,125,106,51687000,12900,206700,155100,2500000,100000,2015,May,19,88,328239523,15
487,RobleisIUTU,17900000,5168721499,Entertainment,RobleisIUTU,1344,Argentina,AR,Games,1294,9,35,27545000,6900,110200,82600,1300000,100000,2013,Apr,15,90,44938712,10
490,Like Nastya VNM,17900000,9867515979,Entertainment,Like Nastya VNM,602,Vietnam,VN,Entertainment,455,1,121,84467000,21100,337900,253400,4100000,100000,2019,Nov,22,29,96462106,2
491,Jason Derulo,17900000,9887116267,Music,Jason Derulo,830,United States,US,Music,446,124,105,447891000,112000,1800000,1300000,21500000,400000,2008,Jul,21,88,328239523,15
492,MGC Playhouse,17900000,16174530046,Shows,MGC Playhouse,1426,United States,US,Education,187,125,27,102621000,25700,410500,307900,4900000,100000,2009,Feb,3,88,328239523,15
494,Priyal Kukreja,17800000,11057945183,People & Blogs,Priyal Kukreja,772,India,IN,People,378,83,29,431390000,107800,1700000,1300000,20700000,900000,2021,Apr,23,28,1366417754,5
495,MSA previously My Story Animated,17800000,8588704539,Film & Animation,MSA Previously My Story Animated,26,United States,US,People,3976090,5208,4978,20708,5,83,62,994,2960,2021,Nov,9,88,328239523,15
499,jaanvi patel,17700000,7912733203,People & Blogs,jaanvi patel,512,India,IN,People,671,84,30,346753000,86700,1400000,1000000,16600000,900000,2018,Jul,18,28,1366417754,5
500,tanboy kun,17700000,3647267655,People & Blogs,tanboy kun,739,Indonesia,ID,Entertainment,2169,17,122,48174000,12000,192700,144500,2300000,100000,2016,Oct,27,36,270203917,5
503,News 24,17700000,8396875537,News & Politics,24 ï¿½ï¿½ï¿½ï,211620,Ukraine,UA,News,880,24,112,370779000,92700,1500000,1100000,17800000,230000,2006,Feb,5,83,44385155,9
504,Les' Copaque Production,17700000,9059696049,Film & Animation,Les' Copaque Production,1716,Malaysia,MY,Entertainment,531,1,123,117727000,29400,470900,353200,5700000,200000,2009,Nov,9,45,32447385,3
505,El Payaso Plim Plim,17700000,17247584185,Film & Animation,El Payaso Plim Plim,1316,Argentina,AR,Music,162,10,107,640030000,160000,2600000,1900000,30700000,600000,2013,Oct,18,90,44938712,10
507,MissaSinfonia,17600000,2274007523,Comedy,MissaSinfonia,233,Mexico,MX,Comedy,4139,17,25,27445000,6900,109800,82300,1300000,100000,2011,Jan,5,40,126014024,3
510,DeGoBooM,17600000,6306204566,Gaming,DeGoBooM,4702,Chile,CL,Games,973,3,36,100215000,25100,400900,300600,4800000,500000,2014,Feb,1,89,18952038,7
513,News18 India,17500000,7263619576,News & Politics,News18 India,182742,India,IN,News,770,85,10,394106000,98500,1600000,1200000,18900000,700000,2007,Oct,25,28,1366417754,5
514,Fun For Kids TV - Hindi Rhymes,17500000,7612385622,Entertainment,Fun For Kids TV - Hindi Rhymes,149,India,IN,Entertainment,723,86,124,109847000,27500,439400,329500,5300000,300000,2017,Sep,27,28,1366417754,5
516,Aphmau,17400000,17763586483,Gaming,Aphmau,4411,United States,US,Games,152,129,37,439870000,110000,1800000,1300000,21100000,400000,2012,Aug,13,88,328239523,15
520,Apple,17300000,1026425106,Science & Technology,Apple,180,United States,US,Tech,11274,130,9,46484000,11600,185900,139500,2200000,100000,2005,Jun,22,88,328239523,15
522,Taarak Mehta Ka Ooltah Chashmah,17300000,11371738047,Entertainment,Taarak Mehta Ka Ooltah Chashmah,4778,India,IN,Entertainment,356,87,125,331944000,83000,1300000,995800,15900000,300000,2014,Aug,4,28,1366417754,5
525,Marques Brownlee,17200000,3606912471,Science & Technology,Marques Brownlee,1567,United States,US,Tech,2196,131,10,52325000,13100,209300,157000,2500000,100000,2008,Mar,21,88,328239523,15
528,El Reino a Jugar,17200000,11445492404,Education,El Reino a Jugar,1007,Argentina,AR,Education,353,11,28,83709000,20900,334800,251100,4000000,100000,2015,Mar,3,90,44938712,10
530,TheBrianMaps,17100000,4448334716,Comedy,TheBrianMaps,498,Russia,RU,Entertainment,1624,6,126,37164000,9300,148700,111500,1800000,100000,2012,Jun,4,82,144373535,5
531,TRANS TV Official,17100000,9710962528,Entertainment,TRANS TV Official,148225,Indonesia,ID,Entertainment,472,18,127,45811000,11500,183200,137400,2200000,100000,2014,Sep,2,36,270203917,5
533,Queen Official,17000000,10847948832,Music,Queen Official,1015,United Kingdom,GB,Music,385,21,112,93768000,23400,375100,281300,4500000,100000,2008,Jul,7,60,66834405,4
534,Prajapati News,17000000,1001465469,Comedy,Prajapati News,1407,India,IN,Entertainment,11662,89,128,7626000,1900,30500,22900,366100,100000,2013,Mar,14,28,1366417754,5
537,Pop Chartbusters,16900000,8684010451,Music,Pop Chartbusters,2235,India,IN,Music,574,90,113,72911000,18200,291600,218700,3500000,200000,2011,Aug,26,28,1366417754,5
540,VICE,16900000,4609753237,Entertainment,VICE,3900,United States,US,Entertainment,1543,134,129,36357000,9100,145400,109100,1700000,100000,2005,Dec,16,88,328239523,15
542,Danny Fitt,16900000,9544277833,People & Blogs,Danny Fitt,2337,United States,US,Entertainment,488,134,129,275264000,68800,1100000,825800,13200000,700000,2016,Dec,31,88,328239523,15
543,Bispo Bruno Leonardo,16900000,3523578665,Nonprofits & Activism,Bispo Bruno Leonardo,4891,Brazil,BR,Nonprofit,2307,29,2,149543000,37400,598200,448600,7200000,400000,2016,Apr,10,51,212559417,12
547,Like Nastya IDN,16800000,7195314800,Entertainment,Like Nastya IDN,502,Indonesia,ID,Entertainment,795,19,130,42836000,10700,171300,128500,2100000,100000,2019,Nov,22,36,270203917,5
550,CoryxKenshin,16700000,7102965621,Gaming,CoryxKenshin,1693,United States,US,Games,814,135,39,105114000,26300,420500,315300,5000000,200000,2009,Apr,27,88,328239523,15
554,Ivana Alawi,16600000,1318442641,nan,Ivana Alawi,180,Philippines,PH,People,8338,5,36,15079000,3800,60300,45200,723800,100000,2018,Jun,1,36,108116615,2
557,NMF News,16600000,7435180827,News & Politics,NMF News,112261,India,IN,News,749,91,12,59201000,14800,236800,177600,2800000,100000,2013,Oct,22,28,1366417754,5
558,SriBalajiMovies,16600000,9439857193,Entertainment,SriBalajiMovies,20102,India,IN,Entertainment,497,91,132,154049000,38500,616200,462100,7400000,200000,2011,Sep,29,28,1366417754,5
559,Lahari Music - TSeries,16600000,11946217860,Music,Lahari Music - TSeries,8976,India,IN,Music,326,91,115,89012000,22300,356000,267000,4300000,100000,2011,Nov,21,28,1366417754,5
560,Younes Zarou,16600000,15278668857,Entertainment,Younes Zarou,2200,Germany,DE,Entertainment,213,4,131,617257000,154300,2500000,1900000,29600000,900000,2021,May,6,70,83132799,3
561,Jordan Matter,16600000,5819508534,Entertainment,Jordan Matter,413,United States,US,Entertainment,1088,136,132,199033000,49800,796100,597100,9600000,300000,2006,Dec,21,88,328239523,15
563,FailArmy,16500000,3037260680,Comedy,FailArmy,438,United States,US,Entertainment,2766,137,133,112986000,28200,451900,339000,5400000,100000,2011,Jul,5,88,328239523,15
564,BBC News Hindi,16500000,7043235131,News & Politics,BBC News Hindi,21243,India,IN,News,821,92,13,131202000,32800,524800,393600,6300000,300000,2009,Sep,22,28,1366417754,5
568,UFC - Ultimate Fighting Championship,16400000,7135820721,Sports,UFC - Ultimate Fighting Championship,14662,United States,US,Sports,806,138,7,133208000,33300,532800,399600,6400000,100000,2006,Mar,4,88,328239523,15
569,Ch7HD,16400000,9463244435,Entertainment,Ch7HD,56203,Thailand,TH,Entertainment,496,9,134,87757000,21900,351000,263300,4200000,100000,2010,May,17,49,69625582,1
575,Camila Cabello,16300000,6613422635,Music,Camila Cabello,80,United States,US,Music,906,139,117,42704000,10700,170800,128100,2000000,100000,2015,Aug,11,88,328239523,15
579,Bollywood Classics,16300000,7141825267,Entertainment,Bollywood Classics,1444,India,IN,Music,804,93,116,151477000,37900,605900,454400,7300000,300000,2011,Oct,13,28,1366417754,5
580,Technoblade,16300000,1656452554,Gaming,Technoblade,989,United States,US,Games,6274,138,40,17944000,4500,71800,53800,861300,200000,2013,Oct,28,88,328239523,15
584,T3ddy,16200000,2990185467,Comedy,T3ddy,1930,Brazil,BR,People,2898,31,38,33015000,8300,132100,99000,1600000,100000,2012,Jan,16,51,212559417,12
585,JJ Olatunji,16200000,4076692623,Gaming,JJ Olatunji,1294,United Kingdom,GB,Entertainment,1856,23,136,27808000,7000,111200,83400,1300000,100000,2011,Jan,26,60,66834405,4
586,POPS Kids,16200000,9763592867,Music,POPS Kids,3943,Vietnam,VN,Film,462,2,30,256733000,64200,1000000,770200,12300000,200000,2014,Jan,14,29,96462106,2
587,Thairath Online,16200000,14563841315,News & Politics,Thairath Online,244899,Thailand,TH,News,238,10,14,224756000,56200,899000,674300,10800000,100000,2010,Sep,27,49,69625582,1
588,LEGO,16200000,20522339099,Entertainment,LEGO,31889,Singapore,SG,Entertainment,116,1,136,117209000,29300,468800,351600,5600000,200000,2005,Oct,22,85,5703569,4
589,XO TEAM,16200000,14784781923,People & Blogs,XO TEAM Family,189,United States,US,People,153622,1776,1495,37911,9,152,114,1800,1000,2020,Sep,12,88,328239523,15
594,Vlad and Niki ARA,16100000,7399296005,nan,Vlad and Niki ARA,510,United States,US,Entertainment,759,141,137,32011000,8000,128000,96000,1500000,100000,2019,May,24,88,328239523,15
597,Daily Dose Of Internet,16100000,6872702790,Entertainment,Daily Dose Of Internet,671,United States,US,Entertainment,851,140,136,399807000,100000,1600000,1200000,19200000,300000,2015,Jul,15,88,328239523,15
598,FitDance,16100000,7126210721,Music,Fitdance Academy,41,France,FR,Entertainment,4006012,3726,6335,780,0.2,3,2,37,4,2006,Nov,20,66,67059887,8
599,Panda Shorts,16100000,7155736006,nan,Panda Shorts,667,Sweden,SE,Sports,792,2,8,478528000,119600,1900000,1400000,23000000,3000000,2020,Nov,21,67,10285453,6
600,Disney Junior,16100000,15812009296,Entertainment,Disney Junior,4045,United States,US,Entertainment,196,140,136,267131000,66800,1100000,801400,12800000,300000,2008,Apr,22,88,328239523,15
610,Lyna,15900000,6534326412,Gaming,Lyna,4906,Argentina,AR,Games,919,12,43,64085000,16000,256300,192300,3100000,200000,2014,Sep,8,90,44938712,10
611,MK MUSIC,15900000,9198986881,Music,MK MUSIC,5105,Brazil,BR,Music,516,33,120,136388000,34100,545600,409200,6500000,100000,2010,Jan,18,51,212559417,12
612,Unspeakable,15900000,9052367553,Gaming,Unspeakable,796,United States,US,People,530,142,40,164895000,41200,659600,494700,7900000,200000,2016,May,1,88,328239523,15
613,Camilo,15900000,6802382479,Music,Camilo,132,Colombia,CO,Music,871,8,120,59890000,15000,239600,179700,2900000,100000,2010,Jul,29,55,50339443,10
614,Dear Sir,15800000,1349288771,Education,Dear Sir,633,India,IN,Education,8066,95,31,24056000,6000,96200,72200,1200000,200000,2016,Dec,13,28,1366417754,5
615,Narendra Modi,15800000,3392918989,News & Politics,Narendra Modi,20679,India,IN,News,2406,96,15,185969000,46500,743900,557900,8900000,700000,2007,Oct,26,28,1366417754,5
616,Arif muhammad,15800000,4122634467,People & Blogs,Arif muhammad,542,Indonesia,ID,Comedy,1816,22,26,71870000,18000,287500,215600,3400000,100000,2017,Jan,18,36,270203917,5
617,Rotten Tomatoes Trailers,15800000,13116313599,Film & Animation,Rotten Tomatoes Trailers,10441,United States,US,Film,285,143,32,25738000,6400,103000,77200,1200000,100000,2011,Apr,1,88,328239523,15
619,DM - Desi Melodies,15700000,5914071870,Music,DM - Desi Melodies,79,India,IN,Music,1071,97,121,141842000,35500,567400,425500,6800000,300000,2017,Jul,8,28,1366417754,5
620,MY FAMILY,15700000,6153495609,nan,My Family,150,Singapore,SG,People,731590,1203,3244,939647,235,3800,2800,45100,800,2019,Dec,3,85,5703569,4
622,Zee Music Classic,15700000,5558051295,Music,Zee Music Classic,1640,India,IN,Music,1174,97,121,86450000,21600,345800,259300,4100000,100000,2014,May,20,28,1366417754,5
623,Prime Video India,15700000,8696631898,Entertainment,Prime Video India,7090,United States,US,Entertainment,569,144,139,335111000,83800,1300000,1000000,16100000,1200000,2016,Oct,3,88,328239523,15
626,Linus Tech Tips,15600000,7172386509,Science & Technology,Linus Tech Tips,6542,Canada,CA,Tech,802,7,11,88224000,22100,352900,264700,4200000,100000,2008,Nov,25,69,36991981,6
627,Juliana Baltar,15600000,3869457097,Entertainment,Juliana Baltar,2019,Brazil,BR,Entertainment,2002,34,140,56218000,14100,224900,168700,2700000,100000,2010,May,9,51,212559417,12
631,Katakit Baby TV,15500000,6386271870,Music,Katakit Baby TV,220,Saudi Arabia,SA,Music,954,4,122,90914000,22700,363700,272700,4400000,200000,2010,Jul,26,68,34268528,6
632,Infobells Bangla,15500000,7776706184,Education,Infobells Bangla,359,India,IN,Education,687,98,32,167888000,42000,671600,503700,8100000,300000,2016,Jun,13,28,1366417754,5
636,Kashvi Adlakha,15500000,12714141740,Entertainment,Kashvi Adlakha,1525,India,IN,Entertainment,300,99,141,139123000,34800,556500,417400,6700000,200000,2017,Apr,9,28,1366417754,5
639,Harsh Beniwal,15400000,1781226000,Comedy,Harsh Beniwal,165,India,IN,Comedy,5724,100,27,27963000,7000,111900,83900,1300000,100000,2015,May,6,28,1366417754,5
640,FFUNTV,15400000,11513738907,Gaming,FFUNTV,379,United Arab Emirates,AE,Entertainment,349,6,141,80172000,20000,320700,240500,3800000,200000,2018,Jul,18,37,9770529,2
641,Mobile Legends: Bang Bang,15400000,1543608082,Gaming,Mobile Legends: Bang Bang,1647,United States,US,Games,6793,147,45,55369000,13800,221500,166100,2700000,100000,2016,Jul,14,88,328239523,15
643,Mrwhosetheboss,15400000,3736069980,Science & Technology,Mrwhosetheboss,1577,United Kingdom,GB,Tech,2083,24,12,167697000,41900,670800,503100,8000000,400000,2011,Apr,20,60,66834405,4
644,Genierock,15400000,14564170905,Music,Genierock,1725,Thailand,TH,Music,239,11,124,82798000,20700,331200,248400,4000000,100000,2008,Mar,9,49,69625582,1
645,zayn,15400000,4909687948,Music,zayn,21,United States,US,Music,1401,147,124,36790000,9200,147200,110400,1800000,100000,2016,Jan,26,88,328239523,15
647,FC Barcelona,15300000,2656528205,Sports,FC Barcelona,10988,Spain,ES,Sports,3356,11,9,84867000,21200,339500,254600,4100000,200000,2006,Feb,6,89,47076781,14
650,ILYA BORZOV,15300000,9938811455,People & Blogs,ILYA BORZOV,2175,Russia,RU,People,441,8,42,475565000,118900,1900000,1400000,22800000,800000,2021,Apr,1,82,144373535,5
651,Mazhavil Manorama,15300000,16545966132,Entertainment,Mazhavil Manorama,87864,India,IN,Entertainment,175,100,142,361483000,90400,1400000,1100000,17400000,300000,2011,Oct,31,28,1366417754,5
653,The MriDul,15200000,4503880875,Comedy,The MriDul,106,India,IN,Comedy,1593,102,28,98329000,24600,393300,295000,4700000,200000,2015,Mar,14,28,1366417754,5
655,SRK MUSIC,15200000,6391679636,Music,SRK MUSIC,5056,India,IN,Music,955,102,126,57809000,14500,231200,173400,2800000,200000,2012,Mar,16,28,1366417754,5
656,Sony LIV,15200000,7151683497,Entertainment,Sony LIV,11099,India,IN,Entertainment,794,102,144,210909000,52700,843600,632700,10100000,300000,2014,May,2,28,1366417754,5
657,T-Series Hamaar Bhojpuri,15200000,7564652648,Entertainment,T-Series Hamaar Bhojpuri,9862,India,IN,Music,728,101,125,105978000,26500,423900,317900,5100000,200000,2011,Nov,1,28,1366417754,5
659,CNN,15200000,14198154095,News & Politics,CNN,160405,United States,US,News,247,148,16,187006000,46800,748000,561000,9000000,100000,2005,Oct,2,88,328239523,15
660,NDTV India,15200000,6624168155,News & Politics,NDTV India,91704,India,IN,News,900,101,16,49662000,12400,198600,149000,2400000,100000,2008,Jan,19,28,1366417754,5
663,Daftar Populer,15100000,2143140898,Education,Daftar Populer,3810,Indonesia,ID,Entertainment,4520,24,144,17231000,4300,68900,51700,827100,100000,2017,Jan,16,36,270203917,5
666,PowerfulJRE,15100000,3060202847,People & Blogs,PowerfulJRE,1037,United States,US,People,2796,149,43,43409000,10900,173600,130200,2100000,200000,2013,Jan,12,88,328239523,15
671,EdisonPts,15100000,6668507856,Gaming,EdisonPts,3733,Russia,RU,Games,894,10,47,95603000,23900,382400,286800,4600000,100000,2013,Jun,24,82,144373535,5
674,ABS-CBN News,15100000,10489367372,News & Politics,ABS-CBN News,209520,Philippines,PH,News,404,7,17,181644000,45400,726600,544900,8700000,100000,2009,Oct,22,36,108116615,2
675,Chapitosiki,15100000,13897932103,Entertainment,Chapitosiki,2717,Russia,RU,Entertainment,256,9,143,713509000,178400,2900000,2100000,34200000,700000,2020,Jan,24,82,144373535,5
676,AdeleVEVO,15100000,12413869881,Music,AdeleVEVO,52,United Kingdom,GB,Music,309,25,127,84750000,21200,339000,254300,4100000,100000,2009,Oct,15,60,66834405,4
677,MoreAliA,15000000,4352427049,Gaming,MoreAliA,2324,United Kingdom,GB,Games,1663,25,47,250995000,62700,1000000,753000,12000000,600000,2013,May,6,60,66834405,4
678,Chetan Monga Vlogs,15000000,9924103188,People & Blogs,Chetan Monga Vlogs,899,India,IN,People,457,104,45,113572000,28400,454300,340700,5500000,400000,2014,Aug,17,28,1366417754,5
682,XpressTV,15000000,4008801873,Entertainment,XpressTV,724,Mexico,MX,Entertainment,1907,26,146,33880000,8500,135500,101600,1600000,100000,2014,Nov,17,40,126014024,3
683,PlayStation,15000000,4741434420,Gaming,PlayStation,20292,United States,US,Games,1469,151,48,41789000,10400,167200,125400,2000000,100000,2005,Dec,16,88,328239523,15
684,Kwebbelkop,15000000,6889304306,Gaming,Kwebbelkop,5198,United States,US,Film,857,151,37,29724000,7400,118900,89200,1400000,100000,2008,Apr,2,88,328239523,15
686,THE BROWN SIBLINGS,15000000,8658553456,Entertainment,THE BROWN SIBLINGS,965,India,IN,Entertainment,577,103,145,102357000,25600,409400,307100,4900000,200000,2016,Oct,9,28,1366417754,5
687,Sony Music South,15000000,9978734160,Music,Sony Music South,2726,India,IN,Music,439,103,127,242185000,60500,968700,726600,11600000,300000,2014,Aug,6,28,1366417754,5
689,Ray William Johnson,15000000,10239836582,Entertainment,Ray William Johnson,1803,United States,US,Comedy,423,151,29,312858000,78200,1300000,938600,15000000,200000,2008,May,26,88,328239523,15
690,KOMPASTV,15000000,11827310821,News & Politics,KOMPASTV,269050,Indonesia,ID,News,331,25,17,113064000,28300,452300,339200,5400000,100000,2013,Aug,23,36,270203917,5
693,A2 Motivation by Arvind Arora,15000000,8932038210,Entertainment,A2 Motivation by Arvind Arora,3168,India,IN,Entertainment,544,104,146,130731000,32700,522900,392200,6300000,200000,2017,Apr,7,28,1366417754,5
694,50 Cent,14900000,10069000444,Music,50 Cent,419,United States,US,Music,435,152,129,119812000,30000,479200,359400,5800000,100000,2007,Feb,8,88,328239523,15
695,MNCTV OFFICIAL,14900000,8074260978,Entertainment,MNCTV OFFICIAL,66362,Indonesia,ID,Entertainment,639,26,146,43581000,10900,174300,130700,2100000,100000,2012,Nov,29,36,270203917,5
697,melanie martinez,14900000,4395184343,Music,melanie martinez,127,United States,US,Music,1656,152,129,56358000,14100,225400,169100,2700000,100000,2007,Nov,3,88,328239523,15
698,iTownGamePlay *Terror&Diversiï¿½ï,14900000,4977284539,Entertainment,iTownGamePlay *Terror&Diversiï¿½ï,8420,Spain,ES,Games,1377,13,49,13857000,3500,55400,41600,665200,100000,2012,Feb,15,89,47076781,14
702,TazerCraft,14900000,5956193599,Gaming,TazerCraft,4175,Brazil,BR,Games,1066,37,49,39775000,9900,159100,119300,1900000,100000,2011,Jul,13,51,212559417,12
703,Bayashi TV,14900000,8615618825,Entertainment,ýýýýýýýýýýýýýýýýýýBAYASHITV,93,Japan,JP,Autos,3468229,3508,3271,2477,0.62,10,7,119,9,2012,Nov,19,63,126226568,2
712,Beast Philanthropy,14800000,272678287,People & Blogs,Beast Philanthropy,34,Germany,DE,Games,3968552,2600,4443,37883,9,152,114,1800,3580,2015,Jan,31,70,83132799,3
713,Filaretiki,14800000,15788208522,nan,Filaretiki,2222,United States,US,People,195,152,46,1203000000,300800,4800000,3600000,57800000,1700000,2021,Mar,24,88,328239523,15
717,Canal Nostalgia,14700000,1506796393,Entertainment,Canal Nostalgia TV,554,Spain,ES,Entertainment,325721,1549,2275,226420,57,906,679,10900,600,2010,Feb,19,89,47076781,14
719,StudyIQ IAS,14700000,4029253667,Education,StudyIQ IAS,43564,India,IN,Education,1879,106,36,74483000,18600,297900,223400,3600000,200000,2015,Jun,22,28,1366417754,5
720,Chad Wild Clay,14700000,6751985988,Comedy,Chad Wild Clay,698,United States,US,Entertainment,885,154,149,36338000,9100,145400,109000,1700000,100000,2006,Mar,26,88,328239523,15
722,Netflix Jr.,14700000,8882319696,Education,Netflix Jr.,1996,United States,US,Education,552,154,36,79402000,19900,317600,238200,3800000,100000,2012,Jan,28,88,328239523,15
723,Colors Rishtey,14700000,12362331529,Entertainment,Colors Rishtey,23490,India,IN,Entertainment,310,105,148,347603000,86900,1400000,1000000,16700000,400000,2013,Nov,28,28,1366417754,5
724,ABC News,14700000,12961669452,News & Politics,ABC News,80830,United States,US,News,289,154,18,185709000,46400,742800,557100,8900000,100000,2006,Aug,7,88,328239523,15
725,Camila Loures,14700000,4684983333,Music,Camila Loures,3978,Brazil,BR,Entertainment,1501,39,149,40975000,10200,163900,122900,2000000,100000,2014,May,27,51,212559417,12
726,Doc Tops,14600000,2613197447,Entertainment,Doc Tops,490,Ecuador,EC,Entertainment,3458,1,150,16409000,4100,65600,49200,787600,100000,2014,Dec,29,45,17373662,4
728,Jesser,14600000,3603556207,Gaming,Jesser,1244,United States,US,Entertainment,2223,155,150,92594000,23100,370400,277800,4400000,400000,2012,Jul,9,88,328239523,15
730,PrestonPlayz,14600000,5766647017,Gaming,Preston,4009,United States,US,Entertainment,621,78,72,151697000,37900,606800,455100,7300000,200000,2012,Jul,4,88,328239523,15
732,O Reino Infantil,14600000,11182302317,Music,O Reino Infantil,1206,Brazil,BR,Music,369,40,131,109865000,27500,439500,329600,5300000,100000,2014,Aug,19,51,212559417,12
734,Mis Pastelitos,14600000,2750902766,Howto & Style,Mis Pastelitos,603,Mexico,MX,Music,3248,27,131,50677000,12700,202700,152000,2400000,100000,2014,Jun,24,40,126014024,3
735,Noman Official,14600000,5525773746,Comedy,Noman Official,560,India,IN,Film,1185,106,38,139116000,34800,556500,417300,6700000,500000,2019,Oct,28,28,1366417754,5
739,Lotus Music,14500000,1739129375,nan,Lotus Music,514,India,IN,Tech,5926,107,13,23034000,5800,92100,69100,1100000,100000,2021,Jun,1,28,1366417754,5
742,BBC News,14500000,4598387043,News & Politics,BBC News,18972,United Kingdom,GB,News,1548,26,19,66273000,16600,265100,198800,3200000,100000,2006,Apr,8,60,66834405,4
743,Eli Kids - Cartoons & Songs,14500000,4821183481,nan,Eli Kids - Cartoons & Songs,605,United States,US,Music,1423,156,132,149241000,37300,597000,447700,7200000,400000,2018,Jan,16,88,328239523,15
745,Aadishakti Films,14500000,6290721701,Music,Aadishakti Films,4790,India,IN,Music,981,107,132,48447000,12100,193800,145300,2300000,200000,2016,Oct,28,28,1366417754,5
747,GMM25Thailand,14500000,9383692066,Entertainment,GMM25Thailand,68606,Thailand,TH,Entertainment,502,13,151,45622000,11400,182500,136900,2200000,100000,2011,Jun,8,49,69625582,1
748,TV9 Bharatvarsh,14500000,10303519926,People & Blogs,TV9 Bharatvarsh,293516,India,IN,News,414,106,18,418474000,104600,1700000,1300000,20100000,700000,2018,Nov,19,28,1366417754,5
760,Coke Studio,14400000,4035738731,Music,Rohail Hyatt,450,United States,US,Music,23796,962,836,3557000,889,14200,10700,170700,10000,2008,Jun,4,88,328239523,15
761,Indore Physical Academy,14400000,4156427797,People & Blogs,Indore Physical Academy,1838,India,IN,People,1793,107,47,70409000,17600,281600,211200,3400000,200000,2014,Apr,19,28,1366417754,5
765,RS 1313 SHORTS,14400000,8011977288,Entertainment,RS 1313 SHORTS,5628,India,IN,Entertainment,647,108,152,212639000,53200,850600,637900,10200000,200000,2020,Oct,24,28,1366417754,5
768,ZEE5,14400000,18515587421,Entertainment,ZEE5,101401,India,IN,Entertainment,142,108,152,149799000,37400,599200,449400,7200000,100000,2018,Feb,13,28,1366417754,5
769,Super Polina,14300000,4776507159,People & Blogs,Super Polina,576,United States,US,Entertainment,1452,158,153,413774,103,1700,1200,19900,100000,2014,Jul,8,88,328239523,15
773,SIS vs BRO,14200000,6973932553,Entertainment,SiS,60,Ukraine,UA,Entertainment,3739171,2460,4686,105,0.03,0.42,0.32,5,10,2016,Aug,3,83,44385155,9
775,TommyInnit,14200000,2084791147,Gaming,TommyInnit,342,United Kingdom,GB,Games,4696,27,55,54291000,13600,217200,162900,2600000,200000,2015,Dec,24,60,66834405,4
776,E-MasterSensei,14200000,3920559552,Gaming,E-MasterSensei,1300,Mexico,MX,Games,1971,28,54,44575000,11100,178300,133700,2100000,200000,2016,Jan,13,40,126014024,3
777,infobells - Kannada,14200000,6554000320,Education,infobells - Kannada,433,India,IN,Education,912,110,37,141688000,35400,566800,425100,6800000,300000,2014,Mar,13,28,1366417754,5
780,SEVENGERS,14200000,10238593147,Comedy,SEVENGERS,872,India,IN,Comedy,422,110,33,367898000,92000,1500000,1100000,17700000,400000,2018,Jun,4,28,1366417754,5
781,Zee Bangla,14200000,11428794827,Entertainment,Zee Bangla,132398,India,IN,Entertainment,352,109,153,59927000,15000,239700,179800,2900000,200000,2008,Feb,26,28,1366417754,5
783,Neha Kakkar,14100000,2131548711,Music,Neha Kakkar,149,India,IN,Music,4624,110,134,25605000,6400,102400,76800,1200000,100000,2012,Oct,22,28,1366417754,5
786,Trap City,14100000,5129529846,Music,TrapCity,3,Australia,AU,People,4032620,3671,7629,147,0.04,0.59,0.44,7,1,2015,Nov,4,113,25766605,5
787,Supercar Blondie,14100000,5405563355,Autos & Vehicles,Supercar Blondie,855,United Arab Emirates,AE,Autos,1202,7,1,353259000,88300,1400000,1100000,17000000,500000,2007,Sep,12,37,9770529,2
788,Yudist Ardhana,14100000,6036496916,Entertainment,Yudist Ardhana,2854,Indonesia,ID,Entertainment,1029,27,154,176062000,44000,704200,528200,8500000,400000,2016,Jan,6,36,270203917,5
789,Lana Del Rey,14100000,6884215292,Music,Lana Del Rey,43,United States,US,Music,856,160,135,135563000,33900,542300,406700,6500000,200000,2011,May,5,88,328239523,15
792,Bie The Ska,14100000,4627069704,Entertainment,Bie The Ska,1540,Thailand,TH,Entertainment,1531,14,155,12502000,3100,50000,37500,600100,100000,2006,Oct,3,49,69625582,1
795,TV Ana Emilia,14000000,4674164601,People & Blogs,TV Ana Emilia,651,Mexico,MX,Entertainment,1504,29,156,26783000,6700,107100,80300,1300000,100000,2014,Dec,30,40,126014024,3
799,ViralHog,14000000,18917687143,People & Blogs,ViralHog,41117,United States,US,Animals,136,159,3,1364000000,340900,5500000,4100000,65500000,1100000,2014,Aug,22,88,328239523,15
800,ETV Jabardasth,14000000,13542939513,People & Blogs,ETV Jabardasth,9652,India,IN,Comedy,268,111,34,133584000,33400,534300,400800,6400000,100000,2015,Jul,14,28,1366417754,5
802,Crescendo com Luluca,14000000,5094050461,Entertainment,Crescendo com Luluca,1307,Brazil,BR,People,1327,44,48,68058000,17000,272200,204200,3300000,100000,2015,Aug,30,51,212559417,12
803,Jazzghost,13900000,5673347763,Gaming,Jazzghost,5494,Brazil,BR,Games,1140,46,57,106718000,26700,426900,320200,5100000,100000,2012,Aug,30,51,212559417,12
804,karameeshchannel,13900000,9106781518,Entertainment,karameeshchannel,2254,Jordan,JO,Music,526,3,137,87639000,21900,350600,262900,4200000,100000,2012,Jan,18,34,10101694,15
807,T-Series Regional,13900000,5217553897,Entertainment,T-Series Regional,15075,India,IN,Music,1275,111,136,33484000,8400,133900,100500,1600000,100000,2011,Feb,14,28,1366417754,5
810,Atlantic Records,13900000,12513842343,Music,Atlantic Records,1660,United States,US,Music,307,161,137,97284000,24300,389100,291900,4700000,100000,2006,Dec,15,88,328239523,15
812,Veritasium,13900000,2165885634,Education,Veritasium,369,United States,US,Education,4466,161,38,44149000,11000,176600,132400,2100000,200000,2010,Jul,21,88,328239523,15
814,Airrack,13800000,2224911030,Entertainment,Airrack,173,United States,US,Entertainment,4285,161,157,99654000,24900,398600,299000,4800000,300000,2015,Jan,3,88,328239523,15
815,Hacksmith Industries,13800000,1820559912,Science & Technology,Hacksmith Industries,887,Canada,CA,Tech,5524,10,14,83943000,21000,335800,251800,4000000,100000,2006,Apr,20,69,36991981,6
818,123 GO! Spanish,13800000,5019136690,People & Blogs,123 GO! Spanish,520,Mexico,MX,Howto,1361,30,28,26519000,6600,106100,79600,1300000,100000,2019,Mar,13,40,126014024,3
819,Geo News,13800000,5727888539,News & Politics,Geo News,190093,Pakistan,PK,News,1127,6,21,100053000,25000,400200,300200,4800000,100000,2007,Jan,10,9,216565318,4
820,Kids TV India Hindi Nursery Rhymes,13800000,6646953396,Shows,Kids TV India Hindi Nursery Rhymes,1505,India,IN,Education,898,112,38,78651000,19700,314600,236000,3800000,100000,2014,Nov,17,28,1366417754,5
821,Think Music India,13800000,11039343563,Music,Think Music India,4978,India,IN,Music,374,112,137,217106000,54300,868400,651300,10400000,200000,2009,Aug,15,28,1366417754,5
823,Goldmines Premiere,13700000,1973638757,Entertainment,Goldmines Premiere,975,India,IN,Film,5047,113,41,37648000,9400,150600,112900,1800000,100000,2013,Oct,12,28,1366417754,5
825,The Vishal bhatt,13700000,9596430464,Comedy,The Vishal bhatt,1040,India,IN,Comedy,487,113,36,379240000,94800,1500000,1100000,18200000,600000,2021,Aug,15,28,1366417754,5
826,NishaMadhulika,13700000,2939201386,Howto & Style,NishaMadhulika,2158,India,IN,Howto,2972,113,29,22235000,5600,88900,66700,1100000,100000,2009,Aug,2,28,1366417754,5
830,infobells,13700000,5178142148,Education,infobells,495,India,IN,Education,1289,113,39,23893000,6000,95600,71700,1100000,100000,2011,Oct,20,28,1366417754,5
832,Acenix,13600000,2122062016,Gaming,Acenix,368,Spain,ES,Games,4572,16,60,47436000,11900,189700,142300,2300000,200000,2014,Jan,2,89,47076781,14
833,Zeinab Harake,13600000,896891351,nan,Zeinab Harake,273,Philippines,PH,People,13437,9,51,12088000,3000,48400,36300,580200,100000,2017,Oct,19,36,108116615,2
834,DALLMYD,13600000,1948925559,Sports,DALLMYD,412,United States,US,Sports,5133,164,11,30677000,7700,122700,92000,1500000,100000,2011,Feb,1,88,328239523,15
835,Lindsey Stirling,13600000,3764608356,Music,Lindsey Stirling,199,United States,US,Music,2084,163,139,15277000,3800,61100,45800,733300,100000,2007,May,20,88,328239523,15
836,JOJO TV - Hindi Stories,13600000,5141201173,Education,JOJO TV - Hindi Stories,1097,India,IN,Film,1303,114,42,10764000,2700,43100,32300,516700,100000,2016,Dec,25,28,1366417754,5
837,BBC,13600000,9685060624,Pets & Animals,BBC,16047,United Kingdom,GB,Entertainment,474,29,160,44414000,11100,177700,133200,2100000,100000,2005,Nov,12,60,66834405,4
842,JULIA GISELLA,13500000,5380132790,Entertainment,Julia Gisella,19,United Kingdom,GB,Music,3767960,2492,3189,1615,0.4,6,5,78,130,2015,Mar,24,60,66834405,4
843,Awakening Music,13500000,5545936485,Music,Awakening Music,814,United Kingdom,GB,Music,1183,30,140,35309000,8800,141200,105900,1700000,100000,2006,Dec,25,60,66834405,4
844,Lady Diana,13500000,8265920659,Entertainment,Lady Diana,1403,Ukraine,UA,People,620,4,52,75162000,18800,300600,225500,3600000,100000,2016,Mar,21,83,44385155,9
845,Sanjoy Das Official,13500000,3912334359,Entertainment,Sanjoy Das Official,1793,India,IN,Games,1954,114,60,179232000,44800,716900,537700,8600000,400000,2015,Apr,29,28,1366417754,5
846,Woody & Kleiny,13500000,11717217293,Comedy,Woody & Kleiny,975,United Kingdom,GB,Entertainment,333,29,160,495561000,123900,2000000,1500000,23800000,400000,2013,Mar,30,60,66834405,4
847,Vijay Kumar Viner Vlogs,13500000,7958771872,Entertainment,Vijay Kumar Viner Vlogs,1357,India,IN,Entertainment,663,116,162,109813000,27500,439300,329400,5300000,300000,2019,Mar,22,28,1366417754,5
849,Wengie,13500000,1900272833,Howto & Style,Wengie,462,United States,US,Howto,5297,165,30,1335000,334,5300,4000,64100,100000,2010,Sep,9,88,328239523,15
850,Vlad y Niki Show,13400000,4622628957,nan,Vlad y Niki Show,477,United States,US,Entertainment,1537,166,162,92228000,23100,368900,276700,4400000,200000,2018,Nov,8,88,328239523,15
851,Codiscos,13400000,11789678655,Music,Codiscos,7356,Colombia,CO,Music,330,9,140,228902000,57200,915600,686700,11000000,100000,2007,Feb,8,55,50339443,10
853,Vibhu 96,13400000,20563378,nan,Vibhu 96,256,India,IN,Education,342460,114,40,20264000,5100,81100,60800,972700,300000,2022,Jun,5,28,1366417754,5
858,GMA Integrated News,13400000,9569814790,News & Politics,GMA Integrated News,296272,Philippines,PH,News,486,10,22,115459000,28900,461800,346400,5500000,100000,2007,Oct,29,36,108116615,2
859,Peet Montzingo,13400000,10022557589,People & Blogs,Peet Montzingo,319,United States,US,People,433,165,52,397715000,99400,1600000,1200000,19100000,500000,2014,Jun,1,88,328239523,15
860,The Q,13400000,4306212515,People & Blogs,Tom Duggan,96,United States,US,Sports,3846885,7615,4466,3,0,0.01,0.01,0.14,1,2006,Jan,17,88,328239523,15
861,Trakin Tech,13300000,2262690743,Science & Technology,Trakin Tech,3640,India,IN,Tech,4152,116,16,43669000,10900,174700,131000,2100000,100000,2011,Nov,2,28,1366417754,5
866,Vogue,13300000,4177184071,Entertainment,Vogue,3166,United States,US,People,1789,167,54,45095000,11300,180400,135300,2200000,100000,2008,Jun,29,88,328239523,15
870,penguinz0,13300000,7773543609,Gaming,penguinz0,4613,United States,US,Entertainment,689,166,162,188948000,47200,755800,566800,9100000,200000,2007,May,7,88,328239523,15
871,Just For Laughs Gags,13300000,7406628736,Comedy,Just For Laughs Gags,6916,United States,US,Comedy,764,167,38,17468000,4400,69900,52400,838500,100000,2007,Jan,14,88,328239523,15
873,BanderitaX,13300000,4129249415,Gaming,BanderitaX,1640,Saudi Arabia,SA,Games,1818,7,63,70712000,17700,282800,212100,3400000,200000,2013,Aug,20,68,34268528,6
874,AzzyLand,13300000,6412313570,Gaming,AzzyLand,1749,Canada,CA,Entertainment,949,12,163,5387000,1300,21500,16200,258600,100000,2015,May,8,69,36991981,6
880,Vilmei,13200000,4205664894,nan,Vilmei,1324,Indonesia,ID,People,1786,30,55,264308000,66100,1100000,792900,12700000,800000,2013,Sep,25,36,270203917,5
881,MC Divertida,13200000,5224764969,Entertainment,MC Divertida,413,Brazil,BR,Entertainment,1269,49,164,64517000,16100,258100,193600,3100000,100000,2018,Jan,17,51,212559417,12
882,The Infographics Show,13200000,5263540904,Education,The Infographics Show,4279,United States,US,Education,1252,168,42,51820000,13000,207300,155500,2500000,100000,2011,Feb,26,88,328239523,15
885,Technology Gyan,13200000,1138262456,Science & Technology,Technology Gyan,1022,India,IN,Tech,9955,118,17,18518000,4600,74100,55600,888900,100000,2015,Nov,17,28,1366417754,5
887,Ryan Trahan,13100000,2182651464,Entertainment,Ryan Trahan,33,United States,US,People,4051001,7683,7670,248,0.06,0.99,0.74,12,1,2022,Jun,27,88,328239523,15
889,WiederDude,13100000,2733682792,nan,WiederDude,289,United States,US,Games,3275,169,65,56894000,14200,227600,170700,2700000,100000,2016,Jun,12,88,328239523,15
891,Lokdhun Punjabi,13100000,4712624489,Music,Lokdhun Punjabi,1262,India,IN,Music,1484,119,143,34438000,8600,137800,103300,1700000,100000,2010,Dec,27,28,1366417754,5
893,Painzeiro,13100000,2555801802,People & Blogs,Painzeiro,1077,Brazil,BR,People,3545,50,56,43990000,11000,176000,132000,2100000,100000,2015,Nov,6,51,212559417,12
897,RaptorGamer,13100000,2879263916,People & Blogs,RaptorGamer,1444,Ecuador,EC,Games,3044,2,65,62909000,15700,251600,188700,3000000,300000,2016,Jul,16,45,17373662,4
900,DJ Khaled,13100000,6637820731,Music,DjKhaled,12,Samoa,WS,Music,3967392,81,5659,379,0.09,2,1,18,3,2006,May,27,8,202506,8
901,Davie504,13000000,2683297849,Entertainment,Davie504,838,Italy,IT,Entertainment,3340,2,166,29870000,7500,119500,89600,1400000,100000,2011,May,18,62,60297396,10
904,Lofi Girl,13000000,1698279553,Music,Lofi Girl,409,France,FR,Music,6059,3,143,30471000,7600,121900,91400,1500000,100000,2015,Mar,18,66,67059887,8
906,GH'S,13000000,8739174649,Gaming,GH'S,510,South Korea,KR,Games,553,15,65,1081000000,270300,4300000,3200000,51900000,1000000,2020,Jul,7,94,51709098,4
908,Wolfoo Channel,13000000,301547793,nan,Wolfoo Channel,22,Pakistan,PK,People,4035874,3926,7638,590,0.15,2,2,28,8,2021,Aug,11,9,216565318,4
909,Susy Mouriz,13000000,6270909026,Entertainment,Susy Mouriz,1299,Mexico,MX,Entertainment,969,31,165,368437000,92100,1500000,1100000,17700000,600000,2017,Mar,18,40,126014024,3
914,gymvirtual,12900000,2509752944,Sports,gymvirtual,1572,Spain,ES,Sports,3645,17,12,11993000,3000,48000,36000,575700,100000,2010,Nov,1,89,47076781,14
916,Top Viral Talent,12900000,3643698504,Entertainment,Top Viral Talent,1598,United States,US,Entertainment,2177,171,167,29379000,7300,117500,88100,1400000,100000,2014,Jan,2,88,328239523,15
917,Akon,12900000,6300933122,Music,Akon,39,United States,US,Music,976,171,145,91240000,22800,365000,273700,4400000,100000,2005,Nov,5,88,328239523,15
920,EnriqueIglesiasVEVO,12900000,15446707595,Music,EnriqueIglesiasVEVO,137,United States,US,Music,210,171,145,75773000,18900,303100,227300,3600000,100000,2009,May,12,88,328239523,15
925,Duo Tiempo De Sol,12800000,6662288136,Music,Duo Tiempo De Sol,323,Spain,ES,Education,896,17,44,53988000,13500,216000,162000,2600000,100000,2013,Mar,26,89,47076781,14
928,Adam W,12800000,9502983550,Comedy,Adam W,681,United States,US,Comedy,492,171,39,228951000,57200,915800,686900,11000000,200000,2015,Oct,4,88,328239523,15
929,Right to Shiksha,12800000,7876740921,Education,Right to Shiksha,2044,India,IN,Education,670,120,45,213738000,53400,855000,641200,10300000,300000,2020,Apr,23,28,1366417754,5
931,FACT FIRE KING,12700000,1159290255,nan,FACT FIRE KING,782,India,IN,Games,9683,120,66,51291000,12800,205200,153900,2500000,500000,2020,Jul,29,28,1366417754,5
933,Franco Escamilla,12700000,4266957149,Comedy,Franco Escamilla,2483,Mexico,MX,Comedy,1740,32,41,77482000,19400,309900,232400,3700000,100000,2007,Oct,19,40,126014024,3
935,Diana and Roma IND,12700000,5567832210,nan,Diana and Roma IND,534,United States,US,Entertainment,1173,173,169,46602000,11700,186400,139800,2200000,100000,2019,Nov,7,88,328239523,15
937,Future,12700000,9927699419,Music,Future AMV's,119,United States,US,Film,270216,1944,1473,472367,118,1900,1400,22700,1000,2020,Nov,7,88,328239523,15
938,YoungBoy Never Broke Again,12700000,13174393401,Entertainment,YoungBoy Never Broke Again,142,United States,US,Music,279,173,147,169968000,42500,679900,509900,8200000,100000,2015,Jan,4,88,328239523,15
939,Blossom,12700000,4733873025,Howto & Style,Blossom,812,United States,US,Howto,1472,173,36,43868000,11000,175500,131600,2100000,100000,2017,Jun,1,88,328239523,15
943,Go Ami Go!,12700000,1714955279,People & Blogs,Go Ami Go!,252,Colombia,CO,People,5821,11,57,327600000,81900,1300000,982800,15700000,1500000,2015,Dec,3,55,50339443,10
944,Morgz,12600000,3303595310,Gaming,Morgz,825,United Kingdom,GB,Entertainment,2491,32,170,58838000,14700,235400,176500,2800000,100000,2014,Jun,10,60,66834405,4
945,CaseyNeistat,12600000,3152402405,People & Blogs,CaseyNeistat,1101,United States,US,People,2681,174,61,5952000,1500,23800,17900,285700,100000,2010,Feb,15,88,328239523,15
956,First We Feast,12500000,2983799729,Howto & Style,First We Feast,1076,United States,US,Entertainment,2892,175,171,111252000,27800,445000,333800,5300000,200000,2014,Feb,28,88,328239523,15
961,NDTV,12500000,4935793409,Entertainment,NDTV,151136,India,IN,News,1395,123,24,58527000,14600,234100,175600,2800000,100000,2006,May,8,28,1366417754,5
962,elcarteldesantatv,12500000,7489455451,Music,elcarteldesantatv,377,Mexico,MX,Entertainment,743,33,171,115881000,29000,463500,347600,5600000,100000,2008,Nov,27,40,126014024,3
963,Family Fitness,12500000,10384848759,Entertainment,Family Fitness,1699,India,IN,Entertainment,413,123,171,235715000,58900,942900,707100,11300000,400000,2017,Jan,18,28,1366417754,5
964,Zee Tamil,12500000,11552190002,Entertainment,Zee Tamil,102699,India,IN,Entertainment,342,123,171,349940000,87500,1400000,1000000,16800000,200000,2008,Aug,26,28,1366417754,5
965,Flowers Comedy,12500000,11691081301,Entertainment,Flowers Comedy,11907,India,IN,Entertainment,337,122,170,180021000,45000,720100,540100,8600000,100000,2015,Aug,19,28,1366417754,5
966,Mundo Bita,12500000,16690788752,Music,Mundo Bita,253,Brazil,BR,Music,171,54,149,213700000,53400,854800,641100,10300000,100000,2011,Sep,29,51,212559417,12
971,_vector_,12400000,7597013023,Comedy,_vector_,398,United States,US,Comedy,720,176,43,903672000,225900,3600000,2700000,43400000,1200000,2019,Mar,24,88,328239523,15
972,DEV Ke Facts,12400000,1971226335,nan,DEV Ke Facts,218,India,IN,Education,5034,124,47,273670000,68400,1100000,821000,13100000,600000,2012,Sep,29,28,1366417754,5
978,Timba Vk,12400000,2840137980,Gaming,Timba Vk,1024,Spain,ES,Games,3116,19,68,24022000,6000,96100,72100,1200000,100000,2012,Jun,16,89,47076781,14
981,Zee Kids,12400000,7683670251,Film & Animation,Zee Kids,1212,India,IN,Entertainment,709,124,172,95163000,23800,380700,285500,4600000,100000,2012,Jul,6,28,1366417754,5
985,bharatzkitchen HINDI,12400000,2315226648,Howto & Style,bharatzkitchen HINDI,729,India,IN,Howto,4042,124,38,30968000,7700,123900,92900,1500000,100000,2016,Aug,10,28,1366417754,5
989,Caylus,12400000,4779139505,Education,Caylus,1340,United States,US,Games,1442,175,68,177600000,44400,710400,532800,8500000,400000,2016,Apr,6,88,328239523,15
990,Migos ATL,12400000,6993406259,Music,Migos ATL,99,United States,US,Entertainment,833,175,171,49412000,12400,197600,148200,2400000,100000,2012,Jan,17,88,328239523,15
992,Free Fire India Official,12300000,1674409945,People & Blogs,Free Fire India Official,1500,India,IN,Games,6141,125,69,64735000,16200,258900,194200,3100000,300000,2018,Sep,14,28,1366417754,5
993,Panda,12300000,2214684303,nan,HybridPanda,2452,United Kingdom,GB,Games,129005,867,1202,67035,17,268,201,3200,1000,2006,Sep,11,60,66834405,4
994,RobTopGames,12300000,374123483,Gaming,RobTopGames,39,Sweden,SE,Games,35112,4,69,3871000,968,15500,11600,185800,100000,2012,May,9,67,10285453,6
995,Make Joke Of,12300000,2129773714,Comedy,Make Joke Of,62,India,IN,Comedy,4568,125,44,24000000,6000,96000,72000,1200000,100000,2017,Aug,1,28,1366417754,5
